key,English/reference,한국어,日本語,français (France),português (Brasil),review_type,human_reviewer,human_notes
,,,,,,AI linguistic pass; human review pending,,
—,—,,—,—,—,AI linguistic pass; human review pending,,
·,·,,·,·,·,AI linguistic pass; human review pending,,
· %@명,· %@ people,· %@명,· %@人,· %@ personnes,· %@ pessoas,AI linguistic pass; human review pending,,
· 수정됨,· edited,· 수정됨,· 編集済み,· modifié,· editado,AI linguistic pass; human review pending,,
"""%@""","""%@""",,「%@」,« %@ »,“%@”,AI linguistic pass; human review pending,,
"""%@"" — %@","""%1$@"" — %2$@",,「%1$@」— %2$@,« %1$@ » — %2$@,“%1$@” — %2$@,AI linguistic pass; human review pending,,
“%@” appears often in the last 7 days,“%@” appears often in the last 7 days,최근 7일간 ‘%@’가 자주 보여요,この7日間は「%@」がよく登場しています,« %@ » revient souvent ces 7 derniers jours,“%@” aparece bastante nos últimos 7 dias,AI linguistic pass; human review pending,,
@,@,,@,@,@,AI linguistic pass; human review pending,,
@%@,@%@,,@%@,@%@,@%@,AI linguistic pass; human review pending,,
/ 100,/ 100,,/ 100,/ 100,/ 100,AI linguistic pass; human review pending,,
/100,/100,,/100,/100,/100,AI linguistic pass; human review pending,,
%@ – %@,%1$@ – %2$@,,%1$@ – %2$@,%1$@ – %2$@,%1$@ – %2$@,AI linguistic pass; human review pending,,
%@ %@,%1$@ %2$@,,%1$@ %2$@,%1$@ %2$@,%1$@ %2$@,AI linguistic pass; human review pending,,
%@ Feed,%@ Feed,%@ 피드,%@のフィード,Fil %@,Feed de %@,AI linguistic pass; human review pending,,
%@ tends to be your happiest day,%@ tends to be your happiest day,%@에 가장 행복한 편이에요,%@は気分のいい日が多いようです,Le %@ est souvent votre meilleur jour,%@ costuma ser seu melhor dia,AI linguistic pass; human review pending,,
%@ 전,%@ ago,%@ 전,%@前,Il y a %@,Há %@,AI linguistic pass; human review pending,,
"%@, Scoor 점수 %lld","%1$@, Scoor 점수 %2$lld",,%1$@、Scoorスコア%2$lld点,"%1$@, score Scoor : %2$lld","%1$@, nota no Scoor: %2$lld",AI linguistic pass; human review pending,,
%@%@,%1$@%2$@,,%1$@%2$@,%1$@%2$@,%1$@%2$@,AI linguistic pass; human review pending,,
%@s tend to be your highest-scoring days,%@s tend to be your highest-scoring days,%@에 점수가 가장 높은 편이에요,%@はスコアが高い傾向があります,Vos scores sont souvent plus élevés le %@,Suas notas costumam ser mais altas: %@,AI linguistic pass; human review pending,,
%@글,%@ posts,%@글,投稿 %@件,Publications : %@,Publicações: %@,AI linguistic pass; human review pending,,
%@로 로그인됨,Signed in with %@,%@로 로그인됨,%@でログイン中,Connexion via %@,Conectado com %@,AI linguistic pass; human review pending,,
%@명 참여,%@ participating,%@명 참여,%@人が参加,Participation : %@,Participantes: %@,AI linguistic pass; human review pending,,
%lld,%lld,,%lld,%lld,%lld,AI linguistic pass; human review pending,,
%lld : %lld,%1$lld : %2$lld,,%1$lld : %2$lld,%1$lld : %2$lld,%1$lld : %2$lld,AI linguistic pass; human review pending,,
%lld / %lld일,%1$lld / %2$lld일,,%1$lld / %2$lld日,%1$lld / %2$lld jours,%1$lld / %2$lld dias,AI linguistic pass; human review pending,,
%lld Days,%lld Days,%lld일,%lld日,"[one] %lld jour
[other] %lld jours","[one] %lld dia
[other] %lld dias",AI linguistic pass; human review pending,,
%lld days of your life scored so far,%lld days of your life scored so far,지금까지 %lld일을 기록했어요,これまでに%lld日分を記録,Journées notées : %lld,Dias avaliados até agora: %lld,AI linguistic pass; human review pending,,
%lld days recorded in a row,%lld days recorded in a row,%lld일 연속 기록 중,%lld日連続で記録,Jours consécutifs : %lld,Dias seguidos: %lld,AI linguistic pass; human review pending,,
%lld Entries,%lld Entries,%lld개,記録 %lld件,Entrées : %lld,Registros: %lld,AI linguistic pass; human review pending,,
%lld points higher than this week's average,%lld points higher than this week's average,이번 주 평균보다 %lld점 높아요,今週の平均より%lld点高め,"[one] %lld point au-dessus de la moyenne de la semaine
[other] %lld points au-dessus de la moyenne de la semaine","[one] %lld ponto acima da média da semana
[other] %lld pontos acima da média da semana",AI linguistic pass; human review pending,,
%lld points softer than this week's average,%lld points softer than this week's average,이번 주 평균보다 %lld점 낮아요,今週の平均より%lld点低め,"[one] %lld point en dessous de la moyenne de la semaine
[other] %lld points en dessous de la moyenne de la semaine","[one] %lld ponto abaixo da média da semana
[other] %lld pontos abaixo da média da semana",AI linguistic pass; human review pending,,
%lld pts,%lld pts,%lld점,%lld点,%lld pts,%lld pts,AI linguistic pass; human review pending,,
%lld softer than your week so far,%lld softer than your week so far,이번 주 평균보다 %lld,今週の平均より%lld点低め,"[one] %lld point sous votre moyenne de la semaine
[other] %lld points sous votre moyenne de la semaine","[one] %lld ponto abaixo da sua média da semana
[other] %lld pontos abaixo da sua média da semana",AI linguistic pass; human review pending,,
%lld/80자,%lld/80자,,%lld/80文字,"[one] %lld/80 caractère
[other] %lld/80 caractères","[one] %lld/80 caractere
[other] %lld/80 caracteres",AI linguistic pass; human review pending,,
%lld/100,%lld/100,,%lld/100,%lld/100,%lld/100,AI linguistic pass; human review pending,,
%lld%%,%lld%%,,%lld%%,%lld%%,%lld%%,AI linguistic pass; human review pending,,
%lld명 참여,%lld명 참여,,%lld人が参加,Participation : %lld,Participantes: %lld,AI linguistic pass; human review pending,,
%lld일,%lld일,,%lld日,"[one] %lld jour
[other] %lld jours","[one] %lld dia
[other] %lld dias",AI linguistic pass; human review pending,,
© 2026 Scoor. All rights reserved.,© 2026 Scoor. All rights reserved.,© 2026 Scoor. All rights reserved.,© 2026 Scoor. All rights reserved.,© 2026 Scoor. Tous droits réservés.,© 2026 Scoor. Todos os direitos reservados.,AI linguistic pass; human review pending,,
↑ 감정 상승,↑ Trending up,↑ 감정 상승,↑ 気分が上向き,↑ Humeur en hausse,↑ Humor melhorando,AI linguistic pass; human review pending,,
↓ 감정 하락,↓ Trending down,↓ 감정 하락,↓ 気分が下向き,↓ Humeur en baisse,↓ Humor em queda,AI linguistic pass; human review pending,,
+%lld above your week so far,+%lld above your week so far,이번 주 평균보다 +%lld,今週の平均より+%lld点,+%lld par rapport à votre moyenne de la semaine,+%lld em relação à sua média da semana,AI linguistic pass; human review pending,,
+0.2,+0.2,,+0.2,"+0,2","+0,2",AI linguistic pass; human review pending,,
✨ 새 토픽,✨ New topic,✨ 새 토픽,✨ 新しいトピック,✨ Nouveau sujet,✨ Novo assunto,AI linguistic pass; human review pending,,
🔥 활발히 토론 중,🔥 Active discussion,🔥 활발히 토론 중,🔥 コメントが集まっています,🔥 Discussion animée,🔥 Conversa movimentada,AI linguistic pass; human review pending,,
0: %@ · 100: %@,0: %1$@ · 100: %2$@,,0：%1$@ · 100：%2$@,0 : %1$@ · 100 : %2$@,0: %1$@ · 100: %2$@,AI linguistic pass; human review pending,,
0점의 의미,0점의 의미,,0点の意味,Signification de 0,O que significa 0,AI linguistic pass; human review pending,,
1 post,1 post,1글,投稿1件,1 publication,1 publicação,AI linguistic pass; human review pending,,
7-DAY AVG,7-DAY AVG,7일 평균,7日間の平均,MOY. SUR 7 JOURS,MÉDIA DE 7 DIAS,AI linguistic pass; human review pending,,
7.5,7.5,,7.5,"7,5","7,5",AI linguistic pass; human review pending,,
7일 평균,7-day average,7일 평균,7日間の平均,Moyenne sur 7 jours,Média de 7 dias,AI linguistic pass; human review pending,,
100점의 의미,100점의 의미,,100点の意味,Signification de 100,O que significa 100,AI linguistic pass; human review pending,,
"A bright, steady day.","A bright, steady day.",밝고 안정적인 하루.,穏やかで、いい一日。,"Une bonne journée, tranquille.",Um dia bom e tranquilo.,AI linguistic pass; human review pending,,
A heavier afternoon.,A heavier afternoon.,조금 무거운 오후.,ちょっとしんどい午後。,Un après-midi un peu difficile.,Uma tarde meio difícil.,AI linguistic pass; human review pending,,
A new chapter is starting,A new chapter is starting,새로운 챕터가 시작돼요,新しい記録の始まりです,Vos premiers jours sur Scoor,Começando seus registros,AI linguistic pass; human review pending,,
A softer stretch — be gentle with yourself,A softer stretch — be gentle with yourself,조금 가라앉는 시기 — 스스로에게 다정하게,少し低めの日が続いています。無理せずに。,Des jours moins faciles. Prenez soin de vous.,Os dias andam mais difíceis. Vá com calma.,AI linguistic pass; human review pending,,
About,About,정보,このアプリについて,À propos,Sobre,AI linguistic pass; human review pending,,
Account,Account,계정,アカウント,Compte,Conta,AI linguistic pass; human review pending,,
Add one tiny note (optional),Add one tiny note (optional),짧은 메모 추가 (선택),ひとこと残す（任意）,Ajouter une note (facultatif),Adicione uma nota (opcional),AI linguistic pass; human review pending,,
Add today's score,Add today's score,오늘의 점수 추가,今日のスコアをつける,Noter ma journée,Dar uma nota para hoje,AI linguistic pass; human review pending,,
AI INSIGHT,AI INSIGHT,AI 인사이트,AIによる振り返り,ANALYSE IA,ANÁLISE COM IA,AI linguistic pass; human review pending,,
AI INSIGHTS,AI INSIGHTS,AI 인사이트,AIによる振り返り,ANALYSES IA,ANÁLISES COM IA,AI linguistic pass; human review pending,,
An incredible day.,An incredible day.,정말 멋진 하루.,最高の一日。,Une journée au top.,Um dia incrível.,AI linguistic pass; human review pending,,
An ordinary day worth keeping.,An ordinary day worth keeping.,간직할 만한 평범한 하루.,いつもどおりの一日。,Une journée comme les autres.,Um dia como qualquer outro.,AI linguistic pass; human review pending,,
Around the world,Around the world,전 세계에서,世界の記録,À travers le monde,Pelo mundo,AI linguistic pass; human review pending,,
Average %lld,Average %lld,평균 %lld,平均%lld点,Moyenne : %lld,Média: %lld,AI linguistic pass; human review pending,,
Based on the last 14 days,Based on the last 14 days,최근 14일 기준,過去14日間の記録から,Sur les 14 derniers jours,Com base nos últimos 14 dias,AI linguistic pass; human review pending,,
Be gentle with yourself tonight.,Be gentle with yourself tonight.,오늘 밤은 스스로에게 다정하게.,今夜はゆっくり休んでください。,Prenez du temps pour vous ce soir.,"Hoje à noite, descanse um pouco.",AI linguistic pass; human review pending,,
Choose profile image,Choose profile image,프로필 이미지 선택,プロフィール画像を選ぶ,Choisir une photo de profil,Escolher foto de perfil,AI linguistic pass; human review pending,,
Choose your Scoor name,Choose your Scoor name,Scoor 이름을 정하세요,Scoorで使う名前を決める,Choisissez votre nom sur Scoor,Escolha seu nome no Scoor,AI linguistic pass; human review pending,,
"Connect with friends and
see their daily scores","Connect with friends and
see their daily scores","친구와 연결하고
매일의 점수를 확인하세요","友だちとつながって
毎日のスコアを見てみよう","Retrouvez vos amis et
découvrez leurs scores du jour","Conecte-se com amigos e
veja as notas do dia deles",AI linguistic pass; human review pending,,
Continue,Continue,계속하기,続ける,Continuer,Continuar,AI linguistic pass; human review pending,,
Could not save. Try again.,Could not save. Try again.,저장하지 못했어요. 다시 시도해 주세요.,保存できませんでした。もう一度お試しください。,Enregistrement impossible. Réessayez.,Não foi possível salvar. Tente de novo.,AI linguistic pass; human review pending,,
Create your account,Create your account,계정을 만들어요,アカウントを作成,Créer un compte,Criar conta,AI linguistic pass; human review pending,,
Creating...,Creating...,만드는 중…,作成中…,Création…,Criando…,AI linguistic pass; human review pending,,
CURRENT STREAK,CURRENT STREAK,연속 기록,現在の連続記録,SÉRIE EN COURS,SEQUÊNCIA ATUAL,AI linguistic pass; human review pending,,
Daily Reminder,Daily Reminder,매일 리마인더,毎日のリマインダー,Rappel quotidien,Lembrete diário,AI linguistic pass; human review pending,,
DAILY SCORE,DAILY SCORE,오늘의 점수,今日のスコア,SCORE DU JOUR,NOTA DO DIA,AI linguistic pass; human review pending,,
Dark,Dark,다크,ダーク,Sombre,Escuro,AI linguistic pass; human review pending,,
Delete,Delete,삭제,削除,Supprimer,Excluir,AI linguistic pass; human review pending,,
delete.left,delete.left,delete.left,delete.left,delete.left,delete.left,AI linguistic pass; human review pending,,
Done,Done,완료,完了,Terminé,Concluir,AI linguistic pass; human review pending,,
EMOTIONAL FLOW,EMOTIONAL FLOW,감정 흐름,気分の変化,ÉVOLUTION DE L’HUMEUR,VARIAÇÃO DO HUMOR,AI linguistic pass; human review pending,,
Feed,Feed,피드,フィード,Fil,Feed,AI linguistic pass; human review pending,,
Find a country or city...,Find a country or city...,국가나 도시를 검색해보세요,国や都市を検索…,Rechercher un pays ou une ville…,Buscar país ou cidade…,AI linguistic pass; human review pending,,
First entry of your week.,First entry of your week.,이번 주 첫 기록이에요.,今週はじめての記録です。,Votre première entrée de la semaine.,Seu primeiro registro da semana.,AI linguistic pass; human review pending,,
FIRST SCOOR,FIRST SCOOR,첫 Scoor,はじめてのSCOOR,PREMIER SCOOR,PRIMEIRO SCOOR,AI linguistic pass; human review pending,,
From your own days,From your own days,내가 기록한 날들에서,あなたの記録から,D’après vos journées,Com base nos seus dias,AI linguistic pass; human review pending,,
Generated by Scoor for iOS,Generated by Scoor for iOS,Scoor for iOS에서 생성됨,Scoor for iOSで作成,Créé avec Scoor pour iOS,Criado com Scoor para iOS,AI linguistic pass; human review pending,,
GLOBAL SCOOR,GLOBAL SCOOR,글로벌 Scoor,世界のSCOOR,SCOOR MONDIAL,SCOOR GLOBAL,AI linguistic pass; human review pending,,
Guestbook,Guestbook,방명록,メッセージ帳,Livre d’or,Mural de recados,AI linguistic pass; human review pending,,
HAPPIEST,HAPPIEST,가장 좋은 날,いちばんいい日,MEILLEUR JOUR,MELHOR DIA,AI linguistic pass; human review pending,,
High,High,높음,高い,Élevé,Alto,AI linguistic pass; human review pending,,
How many points was your day today?,How many points was your day today?,오늘 하루는 몇 점인가요?,今日の一日は何点？,Quelle note pour votre journée ?,Que nota você dá para o seu dia?,AI linguistic pass; human review pending,,
How was today?,How was today?,오늘 하루는 어땠나요?,今日はどうでしたか？,Comment s’est passée la journée ?,Como foi hoje?,AI linguistic pass; human review pending,,
How was your day today?,How was your day today?,오늘 하루는 어땠나요?,今日はどんな一日でしたか？,Comment s’est passée votre journée ?,Como foi seu dia hoje?,AI linguistic pass; human review pending,,
How was your day?,How was your day?,오늘 하루는 어땠나요?,今日はどんな一日でしたか？,Comment s’est passée votre journée ?,Como foi seu dia?,AI linguistic pass; human review pending,,
How's your day?,How's your day?,,今日はどんな一日？,Comment se passe votre journée ?,Como está seu dia?,AI linguistic pass; human review pending,,
How's your day? scoor!,How's your day? scoor!,,今日は何点？ scoor!,Quelle note pour votre journée ? scoor !,Que nota você dá para o seu dia? scoor!,AI linguistic pass; human review pending,,
In rhythm with your week,In rhythm with your week,이번 주 리듬과 비슷해요,今週の平均と同じくらい,Dans la moyenne de votre semaine,Na média da sua semana,AI linguistic pass; human review pending,,
Intensity represents your daily score,Intensity represents your daily score,색의 진하기는 일일 점수를 나타냅니다,色の濃さがその日のスコアを表します,L’intensité de la couleur représente le score du jour,A intensidade da cor representa a nota do dia,AI linguistic pass; human review pending,,
Just enough to save your days.,Just enough to save your days.,하루를 저장할 만큼만.,毎日を、手軽に記録。,Gardez une trace de vos journées.,Guarde um registro dos seus dias.,AI linguistic pass; human review pending,,
Language,Language,언어,言語,Langue,Idioma,AI linguistic pass; human review pending,,
Light,Light,라이트,ライト,Clair,Claro,AI linguistic pass; human review pending,,
LIVE,LIVE,실시간,ライブ,EN DIRECT,AO VIVO,AI linguistic pass; human review pending,,
Low,Low,낮음,低い,Faible,Baixo,AI linguistic pass; human review pending,,
MATCH SCOOR,MATCH SCOOR,경기 Scoor,試合のSCOOR,SCOOR DU MATCH,SCOOR DA PARTIDA,AI linguistic pass; human review pending,,
MONTH AVG,MONTH AVG,이번 달 평균,月の平均,MOY. DU MOIS,MÉDIA DO MÊS,AI linguistic pass; human review pending,,
MONTH COMPLETION,MONTH COMPLETION,이번 달 달성률,今月の記録率,JOURS RENSEIGNÉS,DIAS REGISTRADOS,AI linguistic pass; human review pending,,
MONTHLY AVG,MONTHLY AVG,월 평균,月の平均,MOY. DU MOIS,MÉDIA DO MÊS,AI linguistic pass; human review pending,,
MONTHLY REPORT,MONTHLY REPORT,월간 리포트,月のまとめ,BILAN DU MOIS,RESUMO DO MÊS,AI linguistic pass; human review pending,,
Monthly score intensity,Monthly score intensity,월간 점수 강도,月ごとのスコア分布,Intensité des scores du mois,Intensidade das notas do mês,AI linguistic pass; human review pending,,
MVP,MVP,MVP,MVP,MVP,MVP,AI linguistic pass; human review pending,,
My Page,My Page,,マイページ,Mon profil,Meu perfil,AI linguistic pass; human review pending,,
My Scoor month,My Scoor month,이번 달의 Scoor,今月のScoor,Mon mois sur Scoor,Meu mês no Scoor,AI linguistic pass; human review pending,,
My Scoors,My Scoors,나의 Scoor,自分のScoor,Mes Scoors,Meus Scoors,AI linguistic pass; human review pending,,
Next reminder,Next reminder,다음 리마인더,次のリマインダー,Prochain rappel,Próximo lembrete,AI linguistic pass; human review pending,,
No note for this day,No note for this day,이 날의 메모 없음,この日のメモはありません,Aucune note pour ce jour,Sem anotação para este dia,AI linguistic pass; human review pending,,
No score yet for today,No score yet for today,오늘은 아직 점수가 없어요,今日のスコアはまだありません,Votre journée n’est pas encore notée,Você ainda não deu uma nota para hoje,AI linguistic pass; human review pending,,
Not now,Not now,나중에,あとで,Pas maintenant,Agora não,AI linguistic pass; human review pending,,
Notifications,Notifications,알림,通知,Notifications,Notificações,AI linguistic pass; human review pending,,
Notifications are off — enable in Settings,Notifications are off — enable in Settings,알림이 꺼져 있어요 — 설정에서 켜세요,通知がオフです。設定でオンにできます,Notifications désactivées. Activez-les dans les réglages.,As notificações estão desativadas. Ative nos ajustes.,AI linguistic pass; human review pending,,
Now start recording your days.,Now start recording your days.,이제 하루를 기록해 보세요.,今日から記録を始めましょう。,Commencez à noter vos journées.,Comece a registrar seus dias.,AI linguistic pass; human review pending,,
officialscoor@gmail.com,officialscoor@gmail.com,,officialscoor@gmail.com,officialscoor@gmail.com,officialscoor@gmail.com,AI linguistic pass; human review pending,,
or keep it instant,or keep it instant,아니면 바로 기록하기,または、すぐに始める,ou commencez tout de suite,ou comece agora,AI linguistic pass; human review pending,,
part of the world.,part of the world.,세계의 일부.,世界の記録のひとつに。,avec le reste du monde.,junto com o resto do mundo.,AI linguistic pass; human review pending,,
PATTERN SUMMARY,PATTERN SUMMARY,패턴 요약,記録の傾向,TENDANCES,TENDÊNCIAS,AI linguistic pass; human review pending,,
Preferences,Preferences,환경설정,環境設定,Préférences,Preferências,AI linguistic pass; human review pending,,
Privacy Policy,Privacy Policy,개인정보 처리방침,プライバシーポリシー,Politique de confidentialité,Política de Privacidade,AI linguistic pass; human review pending,,
PRIVATE,PRIVATE,비공개,非公開,PRIVÉ,PRIVADO,AI linguistic pass; human review pending,,
"Recent day, score %lld%@. Tap to edit.","Recent day, score %1$lld%2$@. Tap to edit.","최근 기록, %lld점%@. 탭하면 수정합니다.",最近の記録、%1$lld点%2$@。タップして編集。,"Entrée récente, score : %1$lld%2$@. Touchez pour modifier.","Registro recente, nota %1$lld%2$@. Toque para editar.",AI linguistic pass; human review pending,,
Record a few days — your patterns will appear here,Record a few days — your patterns will appear here,며칠 기록하면 패턴이 보여요,数日分を記録すると、ここに傾向が表示されます,Notez quelques journées pour voir vos tendances ici,Registre alguns dias para ver suas tendências aqui,AI linguistic pass; human review pending,,
Record today,Record today,오늘 기록하기,今日を記録する,Noter ma journée,Registrar hoje,AI linguistic pass; human review pending,,
Recording every day builds your story,Recording every day builds your story,매일 기록하면 당신의 이야기가 쌓여요,毎日の記録が少しずつ増えていきます,Retrouvez vos journées au fil des entrées,Acompanhe seus dias a cada registro,AI linguistic pass; human review pending,,
Reminder Time,Reminder Time,리마인더 시간,リマインダーの時刻,Heure du rappel,Horário do lembrete,AI linguistic pass; human review pending,,
Reply,Reply,답글,返信,Répondre,Responder,AI linguistic pass; human review pending,,
Scoor,Scoor,Scoor,Scoor,Scoor,Scoor,AI linguistic pass; human review pending,,
Scoor learns the rhythm of your days quietly,Scoor learns the rhythm of your days quietly,Scoor가 당신의 하루 리듬을 조용히 익혀요,日々の記録から、あなたの傾向が見えてきます,Scoor vous aide à repérer vos habitudes,O Scoor ajuda a perceber padrões nos seus dias,AI linguistic pass; human review pending,,
Scoor 감정 트래커,Scoor emotion tracker,Scoor 감정 트래커,Scoor 気分トラッカー,"Scoor, suivi de l’humeur","Scoor, registro de humor",AI linguistic pass; human review pending,,
Scoor 공식 글,Scoor 공식 글,,Scoor公式の投稿,Publication officielle de Scoor,Publicação oficial do Scoor,AI linguistic pass; human review pending,,
Scoor 만점 100,Perfect Scoor: 100,Scoor 만점 100,Scoorの満点は100点,Score Scoor maximal : 100,Nota máxima no Scoor: 100,AI linguistic pass; human review pending,,
Scoor 점수 %lld,Scoor 점수 %lld,,Scoorスコア%lld点,Score Scoor : %lld,Nota no Scoor: %lld,AI linguistic pass; human review pending,,
scoor.app,scoor.app,scoor.app,scoor.app,scoor.app,scoor.app,AI linguistic pass; human review pending,,
Score bubbles will appear here,Score bubbles will appear here,점수 버블이 여기에 표시됩니다,ここにスコアが表示されます,Vos scores apparaîtront ici,Suas notas vão aparecer aqui,AI linguistic pass; human review pending,,
See how the world feels today.,See how the world feels today.,오늘 세상의 기분을 살펴보세요.,今日、世界のみんなはどんな気分？,Découvrez l’humeur du monde aujourd’hui.,Veja como o mundo está se sentindo hoje.,AI linguistic pass; human review pending,,
Settings,Settings,설정,設定,Réglages,Ajustes,AI linguistic pass; human review pending,,
Share Report Card,Share Report Card,리포트 카드 공유,月のまとめを共有,Partager le bilan,Compartilhar resumo,AI linguistic pass; human review pending,,
SHARE YOUR MONTH,SHARE YOUR MONTH,이번 달 공유,今月の記録を共有,PARTAGEZ VOTRE MOIS,COMPARTILHE SEU MÊS,AI linguistic pass; human review pending,,
Sign in to see your page,Sign in to see your page,로그인하고 내 페이지를 확인하세요,ログインしてマイページを見る,Connectez-vous pour voir votre profil,Entre para ver seu perfil,AI linguistic pass; human review pending,,
Skip,Skip,건너뛰기,スキップ,Passer,Pular,AI linguistic pass; human review pending,,
Social,Social,소셜,ソーシャル,Communauté,Comunidade,AI linguistic pass; human review pending,,
Soft pace — take it slow.,Soft pace — take it slow.,"천천히, 여유롭게.",ゆっくり、自分のペースで。,Allez à votre rythme.,Vá no seu ritmo.,AI linguistic pass; human review pending,,
"soft, quick, honest","soft, quick, honest","부드럽고, 빠르고, 솔직하게",気軽に、さっと、ありのまま,"simple, rapide, sincère","simples, rápido, sincero",AI linguistic pass; human review pending,,
Start in seconds. No long forms.,Start in seconds. No long forms.,몇 초면 시작해요. 긴 양식 없이.,すぐに始められます。長い入力は不要です。,Quelques secondes suffisent. Pas de long formulaire.,Comece em segundos. Sem formulário longo.,AI linguistic pass; human review pending,,
STATS,STATS,통계,統計,STATISTIQUES,ESTATÍSTICAS,AI linguistic pass; human review pending,,
Still finding your rhythm,Still finding your rhythm,아직 리듬을 찾는 중,もう少し記録すると傾向が見えてきます,Encore quelques jours pour voir vos tendances,Mais alguns dias para ver suas tendências,AI linguistic pass; human review pending,,
STREAK,STREAK,연속,連続記録,SÉRIE,SEQUÊNCIA,AI linguistic pass; human review pending,,
STREAK · 일,STREAK · DAYS,연속 · 일,連続記録 · 日,SÉRIE · JOURS,SEQUÊNCIA · DIAS,AI linguistic pass; human review pending,,
Suggestions,Suggestions,추천,おすすめ,Suggestions,Sugestões,AI linguistic pass; human review pending,,
System,System,시스템,システムに合わせる,Système,Sistema,AI linguistic pass; human review pending,,
Tap + when you're ready to record.,Tap + when you're ready to record.,준비되면 + 를 눌러 기록하세요.,記録するときは＋をタップ。,Touchez + pour ajouter une entrée.,Toque em + para registrar.,AI linguistic pass; human review pending,,
Tap the + button to add today's entry,Tap the + button to add today's entry,+ 버튼을 눌러 오늘 기록을 추가하세요,＋ボタンで今日を記録できます,Touchez + pour noter votre journée,Toque em + para registrar seu dia,AI linguistic pass; human review pending,,
Tap your score. Trust the first feeling.,Tap your score. Trust the first feeling.,점수를 탭하세요. 첫 느낌을 믿어요.,今の気分で、点数をつけてみましょう。,Choisissez le score qui vous vient à l’esprit.,Escolha a nota que vier à cabeça.,AI linguistic pass; human review pending,,
Terms of Service,Terms of Service,이용약관,利用規約,Conditions d’utilisation,Termos de Uso,AI linguistic pass; human review pending,,
Theme,Theme,테마,テーマ,Thème,Tema,AI linguistic pass; human review pending,,
This is how people find your daily scores.,This is how people find your daily scores.,사람들이 당신의 점수를 찾는 이름이에요.,この名前で、あなたのスコアを見つけられます。,Ce nom permet de retrouver vos scores.,É por esse nome que as pessoas vão encontrar suas notas.,AI linguistic pass; human review pending,,
This space fills with your own rhythm as you record days,This space fills with your own rhythm as you record days,기록이 쌓이면 이 자리가 나의 리듬으로 채워져요,記録を続けると、ここで日々の変化を振り返れます,Vos journées s’afficheront ici au fil de vos entrées,Seus dias vão aparecer aqui conforme você registrar,AI linguistic pass; human review pending,,
THIS WEEK,THIS WEEK,이번 주,今週,CETTE SEMAINE,ESTA SEMANA,AI linguistic pass; human review pending,,
time.short.days,%lldd,%lld일,%lld日,%lld j,%lld d,AI linguistic pass; human review pending,,
time.short.hours,%lldh,%lld시간,%lld時間,%lld h,%lld h,AI linguistic pass; human review pending,,
time.short.minutes,%lldm,%lld분,%lld分,%lld min,%lld min,AI linguistic pass; human review pending,,
time.short.seconds,%llds,%lld초,%lld秒,%lld s,%lld s,AI linguistic pass; human review pending,,
time.short.weeks,%lldw,%lld주,%lld週間,%lld sem.,%lld sem,AI linguistic pass; human review pending,,
TODAY,TODAY,오늘,今日,AUJOURD’HUI,HOJE,AI linguistic pass; human review pending,,
Today felt better than expected.,Today felt better than expected.,생각보다 좋은 하루였어요.,思っていたより、いい一日だった。,"Mieux que prévu, cette journée.",O dia foi melhor do que eu esperava.,AI linguistic pass; human review pending,,
Today's Scoor,Today's Scoor,오늘의 Scoor,今日のScoor,Scoor du jour,Scoor de hoje,AI linguistic pass; human review pending,,
TODAY'S SCORE,TODAY'S SCORE,오늘의 점수,今日のスコア,SCORE DU JOUR,NOTA DO DIA,AI linguistic pass; human review pending,,
todaywas84,todaywas84,,todaywas84,todaywas84,todaywas84,AI linguistic pass; human review pending,,
Top Day,Top Day,최고의 날,最高の日,Meilleur jour,Melhor dia,AI linguistic pass; human review pending,,
User scores will appear here,User scores will appear here,사용자 점수가 여기에 표시됩니다,みんなのスコアがここに表示されます,Les scores apparaîtront ici,As notas das pessoas vão aparecer aqui,AI linguistic pass; human review pending,,
Version 1.0,Version 1.0,Version 1.0,バージョン1.0,Version 1.0,Versão 1.0,AI linguistic pass; human review pending,,
Version 1.0 (1),Version 1.0 (1),Version 1.0 (1),バージョン1.0 (1),Version 1.0 (1),Versão 1.0 (1),AI linguistic pass; human review pending,,
Warm and solid.,Warm and solid.,따뜻하고 단단한 하루.,落ち着いて過ごせた。,Une journée où l’on se sent bien.,Um dia em que tudo ficou bem.,AI linguistic pass; human review pending,,
WEEK AVERAGE,WEEK AVERAGE,주 평균,週の平均,MOYENNE DE LA SEMAINE,MÉDIA DA SEMANA,AI linguistic pass; human review pending,,
WEEKLY PERFORMANCE,WEEKLY PERFORMANCE,주간 추이,1週間の振り返り,BILAN DE LA SEMAINE,RESUMO DA SEMANA,AI linguistic pass; human review pending,,
"Welcome, Scoorer!","Welcome, Scoorer!","환영해요, Scoorer!",Scoorへようこそ！,Bienvenue sur Scoor !,Boas-vindas ao Scoor!,AI linguistic pass; human review pending,,
What score would you give today?,What score would you give today?,오늘은 몇 점을 주시겠어요?,今日の一日は何点？,Quelle note pour votre journée ?,Que nota você dá para o seu dia?,AI linguistic pass; human review pending,,
What's the number for today?,What's the number for today?,오늘의 점수는?,今日の一日は何点？,Quelle note pour votre journée ?,Que nota você dá para o seu dia?,AI linguistic pass; human review pending,,
What's your Scoor?,What's your Scoor?,오늘의 Scoor는?,今日のScoorは何点？,Quel est votre Scoor ?,Qual é o seu Scoor?,AI linguistic pass; human review pending,,
World,World,월드,ワールド,Monde,Mundo,AI linguistic pass; human review pending,,
WORLD AVERAGE,WORLD AVERAGE,월드 평균,世界の平均,MOYENNE MONDIALE,MÉDIA MUNDIAL,AI linguistic pass; human review pending,,
World Map,World Map,세계 지도,世界地図,Carte du monde,Mapa do mundo,AI linguistic pass; human review pending,,
WORLD PULSE,WORLD PULSE,월드 펄스,世界の気分,HUMEUR DU MONDE,HUMOR DO MUNDO,AI linguistic pass; human review pending,,
World에서 이슈에 점수를 매기면 여기에 모여요,Score issues in World and they'll gather here,World에서 이슈에 점수를 매기면 여기에 모여요,ワールドでつけたスコアがここに表示されます,Les sujets que vous notez dans Monde apparaîtront ici,Os assuntos que você avaliar em Mundo vão aparecer aqui,AI linguistic pass; human review pending,,
You're holding a calm rhythm,You're holding a calm rhythm,차분한 리듬을 유지 중이에요,最近は落ち着いたスコアが続いています,Vos scores sont plutôt stables,Suas notas estão estáveis,AI linguistic pass; human review pending,,
Your average this month: %lld,Your average this month: %lld,이번 달 평균 %lld점,今月の平均：%lld点,Votre moyenne du mois : %lld,Sua média do mês: %lld,AI linguistic pass; human review pending,,
Your average this week: %lld,Your average this week: %lld,이번 주 평균 %lld점,今週の平均：%lld点,Votre moyenne de la semaine : %lld,Sua média da semana: %lld,AI linguistic pass; human review pending,,
Your brightest day so far: %lld,Your brightest day so far: %lld,가장 밝았던 날 %lld점,これまでの最高スコア：%lld点,Votre meilleur score : %lld,Sua melhor nota até agora: %lld,AI linguistic pass; human review pending,,
Your emotion is now,Your emotion is now,당신의 감정은 이제,今のあなたの気分,Votre humeur du moment,Seu humor agora,AI linguistic pass; human review pending,,
Your emotional flow is improving,Your emotional flow is improving,감정 흐름이 좋아지고 있어요,最近のスコアは上向きです,Vos scores sont en hausse,Suas notas estão subindo,AI linguistic pass; human review pending,,
Your highest score this month is %lld,Your highest score this month is %lld,이번 달 최고 점수는 %lld,今月の最高スコアは%lld点です,Votre meilleur score du mois est de %lld,Sua maior nota do mês é %lld,AI linguistic pass; human review pending,,
Your previous days will appear here,Your previous days will appear here,지난 기록이 여기에 표시됩니다,これまでの記録がここに表示されます,Vos journées précédentes apparaîtront ici,Seus dias anteriores vão aparecer aqui,AI linguistic pass; human review pending,,
YOUR RECENT DAYS,YOUR RECENT DAYS,최근 기록,最近の記録,VOS DERNIERS JOURS,SEUS ÚLTIMOS DIAS,AI linguistic pass; human review pending,,
YOUR RHYTHM,YOUR RHYTHM,나의 리듬,記録のペース,VOTRE RYTHME,SEU RITMO,AI linguistic pass; human review pending,,
Your scores are saved on this device first,Your scores are saved on this device first,기록은 먼저 이 기기에 저장돼요,スコアはまずこの端末に保存されます,Vos scores sont d’abord enregistrés sur cet appareil,Suas notas são salvas primeiro neste aparelho,AI linguistic pass; human review pending,,
개인 기록으로만 저장돼요,Saved only in your private journal,개인 기록으로만 저장돼요,自分だけの記録として保存されます,Cette entrée reste privée,Este registro fica só para você,AI linguistic pass; human review pending,,
검색,검색,,検索,Rechercher,Buscar,AI linguistic pass; human review pending,,
검색 결과가 없어요. 새 토픽을 제안해 보세요.,검색 결과가 없어요. 새 토픽을 제안해 보세요.,,見つかりませんでした。新しいトピックを提案してみましょう。,Aucun résultat. Proposez un nouveau sujet.,Nenhum resultado. Que tal sugerir um novo assunto?,AI linguistic pass; human review pending,,
검토 결과는 내 토픽 제안의 심사 알림에서 확인할 수 있어요.,검토 결과는 내 토픽 제안의 심사 알림에서 확인할 수 있어요.,,結果は「自分の提案」の審査通知で確認できます。,Le résultat sera disponible dans les notifications de Mes propositions.,O resultado estará nas notificações de Minhas sugestões.,AI linguistic pass; human review pending,,
검토 요청 보내기,검토 요청 보내기,,審査を依頼,Envoyer pour examen,Enviar para análise,AI linguistic pass; human review pending,,
"검토 후 월드에 게시돼요. 최근 24시간 2건, 검토 대기 3건까지 제안할 수 있어요.","검토 후 월드에 게시돼요. 최근 24시간 2건, 검토 대기 3건까지 제안할 수 있어요.",,審査後にワールドに掲載されます。24時間で2件、審査待ちは3件まで提案できます。,Publication dans Monde après examen. Limite : 2 propositions sur 24 heures et 3 en attente.,A publicação em Mundo acontece após análise. Limite de 2 sugestões em 24 horas e 3 aguardando análise.,AI linguistic pass; human review pending,,
게시하지 못했어요,게시하지 못했어요,,投稿できませんでした,Publication impossible,Não foi possível publicar,AI linguistic pass; human review pending,,
결과가 없어요,No results,결과가 없어요,結果がありません,Aucun résultat,Nenhum resultado,AI linguistic pass; human review pending,,
계정 및 데이터 삭제,계정 및 데이터 삭제,,アカウントとデータを削除,Supprimer le compte et les données,Excluir conta e dados,AI linguistic pass; human review pending,,
계정 삭제,계정 삭제,,アカウントを削除,Supprimer le compte,Excluir conta,AI linguistic pass; human review pending,,
계정을 삭제하시겠어요?,계정을 삭제하시겠어요?,,アカウントを削除しますか？,Supprimer votre compte ?,Excluir sua conta?,AI linguistic pass; human review pending,,
계정을 삭제하지 못했습니다,계정을 삭제하지 못했습니다,,アカウントを削除できませんでした,Impossible de supprimer le compte,Não foi possível excluir a conta,AI linguistic pass; human review pending,,
공식,공식,,公式,Officiel,Oficial,AI linguistic pass; human review pending,,
관심,관심,,関心,Intérêts,Interesses,AI linguistic pass; human review pending,,
국가별 감정 비교,Mood by country,국가별 감정 비교,国ごとの気分を比較,Comparer l’humeur par pays,Comparar o humor por país,AI linguistic pass; human review pending,,
그 날은 어땠나요?,How was that day?,그 날은 어땠나요?,その日はどんな一日でしたか？,Comment s’est passée cette journée ?,Como foi esse dia?,AI linguistic pass; human review pending,,
글로벌,Global,글로벌,グローバル,Mondial,Global,AI linguistic pass; human review pending,,
기록,Journal,기록,記録,Journal,Registros,AI linguistic pass; human review pending,,
기록 달력,기록 달력,,記録カレンダー,Calendrier du journal,Calendário de registros,AI linguistic pass; human review pending,,
"기록은 기기에 먼저 저장되고, 연결되면 계정으로 백업됩니다. 오프라인에서도 그대로 사용할 수 있어요.","기록은 기기에 먼저 저장되고, 연결되면 계정으로 백업됩니다. 오프라인에서도 그대로 사용할 수 있어요.",,記録はまず端末に保存され、接続時にアカウントへバックアップされます。オフラインでも使えます。,"Vos entrées sont d’abord enregistrées sur l’appareil, puis sauvegardées sur votre compte à la connexion. Vous pouvez aussi utiliser l’app hors ligne.",Seus registros são salvos primeiro no aparelho e copiados para sua conta quando houver conexão. Você também pode usar sem internet.,AI linguistic pass; human review pending,,
기록하지 않은 날은 평균에 포함하지 않아요,기록하지 않은 날은 평균에 포함하지 않아요,,記録のない日は平均に含まれません,Les jours sans entrée ne comptent pas dans la moyenne,Dias sem registro não entram na média,AI linguistic pass; human review pending,,
기록한 날,기록한 날,,記録した日,Jours renseignés,Dias registrados,AI linguistic pass; human review pending,,
기록한 날 기준,기록한 날 기준,,記録のある日をもとに計算,Sur les jours renseignés,Com base nos dias registrados,AI linguistic pass; human review pending,,
기록한 날들이 보여주는 나의 리듬,기록한 날들이 보여주는 나의 리듬,,記録から見える日々の変化,Vos journées au fil des entrées,Seus dias ao longo dos registros,AI linguistic pass; human review pending,,
나 %lld,Me %lld,나 %lld,自分 %lld,Moi : %lld,Eu: %lld,AI linguistic pass; human review pending,,
나만의 속도로 이어가세요,나만의 속도로 이어가세요,,自分のペースで続けましょう,Continuez à votre rythme,Continue no seu ritmo,AI linguistic pass; human review pending,,
나의 감정 기록,My emotion log,나의 감정 기록,自分の気分の記録,Mon journal d’humeur,Meu registro de humor,AI linguistic pass; human review pending,,
나의 하루 흐름,나의 하루 흐름,,日々の変化,Mes journées au fil du temps,Meus dias ao longo do tempo,AI linguistic pass; human review pending,,
날짜,날짜,,日付,Date,Data,AI linguistic pass; human review pending,,
날짜별 기록을 확인하고 수정하세요,날짜별 기록을 확인하고 수정하세요,,日付ごとに記録を確認・編集できます,Consultez et modifiez vos entrées par date,Veja e edite seus registros por data,AI linguistic pass; human review pending,,
남성,Male,남성,男性,Homme,Masculino,AI linguistic pass; human review pending,,
내 Scoor %lld,My Scoor %lld,내 Scoor %lld,自分のScoor %lld,Mon Scoor : %lld,Meu Scoor: %lld,AI linguistic pass; human review pending,,
내 제안,내 제안,,自分の提案,Mes propositions,Minhas sugestões,AI linguistic pass; human review pending,,
내 제안 확인,내 제안 확인,,自分の提案を見る,Voir mes propositions,Ver minhas sugestões,AI linguistic pass; human review pending,,
내 토픽 제안,내 토픽 제안,,自分のトピック提案,Mes propositions de sujets,Minhas sugestões de assuntos,AI linguistic pass; human review pending,,
내 프로필,내 프로필,,自分のプロフィール,Mon profil,Meu perfil,AI linguistic pass; human review pending,,
누군가를 차단하면 그 사람의 글과 댓글이 보이지 않습니다.,누군가를 차단하면 그 사람의 글과 댓글이 보이지 않습니다.,,ブロックすると、その人の投稿やコメントが表示されなくなります。,Bloquer une personne masque ses publications et ses commentaires.,"Ao bloquear alguém, as publicações e os comentários dessa pessoa deixam de aparecer.",AI linguistic pass; human review pending,,
뉴스·사건,뉴스·사건,,ニュース・出来事,Actualités,Notícias e acontecimentos,AI linguistic pass; human review pending,,
닉네임으로 남기기,닉네임으로 남기기,,ニックネームで投稿,Publier avec mon pseudo,Publicar com meu apelido,AI linguistic pass; human review pending,,
다른 감정을 보거나 직접 한 줄 남겨볼까요?,See other moods or add your own line?,다른 감정을 보거나 직접 한 줄 남겨볼까요?,ほかの気分の投稿を見たり、ひとこと残してみませんか？,Découvrez d’autres humeurs ou laissez un mot.,Veja outros humores ou deixe um comentário.,AI linguistic pass; human review pending,,
다른 카테고리도 둘러볼까요?,Browse other categories?,다른 카테고리도 둘러볼까요?,ほかのカテゴリーも見てみましょう,Découvrez d’autres catégories,Explore outras categorias,AI linguistic pass; human review pending,,
다시 매기기,Score again,다시 매기기,スコアをつけ直す,Modifier mon score,Mudar minha nota,AI linguistic pass; human review pending,,
다시 시도,Try again,다시 시도,もう一度試す,Réessayer,Tentar de novo,AI linguistic pass; human review pending,,
닫기,Done,닫기,閉じる,Fermer,Fechar,AI linguistic pass; human review pending,,
당신의 Scoor가 세계에 더해졌어요.,Your Scoor just joined the world.,당신의 Scoor가 세계에 더해졌어요.,あなたのScoorが世界のスコアに加わりました。,Votre Scoor a été ajouté au score mondial.,Seu Scoor entrou na nota do mundo.,AI linguistic pass; human review pending,,
당신의 감정도 세계의 일부에요.,Your feeling is part of the world too.,당신의 감정도 세계의 일부에요.,あなたの気分も世界の記録のひとつに。,Votre humeur rejoint celles du monde entier.,Seu humor também faz parte do mundo.,AI linguistic pass; human review pending,,
당신의 한 점수가 세계의 맥박에 더해졌어요.,Your score just joined the world's pulse.,당신의 한 점수가 세계의 맥박에 더해졌어요.,あなたのスコアが世界の集計に加わりました。,Votre score a été ajouté aux résultats mondiaux.,Sua nota entrou no resultado do mundo.,AI linguistic pass; human review pending,,
당장 위험한 상황이라면 119에 연락해 주세요.,당장 위험한 상황이라면 119에 연락해 주세요.,,差し迫った危険がある場合は、現地の緊急通報先へ連絡してください。韓国では119です。,"En cas de danger immédiat, appelez les urgences locales. En Corée du Sud : 119.","Em caso de perigo imediato, ligue para o serviço de emergência local. Na Coreia do Sul: 119.",AI linguistic pass; human review pending,,
댓글,Comments,댓글,コメント,Commentaires,Comentários,AI linguistic pass; human review pending,,
댓글 수정 중,Editing comment,댓글 수정 중,コメントを編集中,Modification du commentaire,Editando comentário,AI linguistic pass; human review pending,,
댓글 추가…,Add a comment…,댓글 추가…,コメントを追加…,Ajouter un commentaire…,Adicionar comentário…,AI linguistic pass; human review pending,,
더 보기,See more,더 보기,もっと見る,Voir plus,Ver mais,AI linguistic pass; human review pending,,
더보기,더보기,,その他,Plus,Mais,AI linguistic pass; human review pending,,
도움을 받을 수 있어요,도움을 받을 수 있어요,,相談できる窓口があります,De l’aide est disponible,Você pode buscar ajuda,AI linguistic pass; human review pending,,
돌아가기,돌아가기,,戻る,Retour,Voltar,AI linguistic pass; human review pending,,
동기화,동기화,,同期,Synchronisation,Sincronização,AI linguistic pass; human review pending,,
"되돌릴 수 없습니다. 이 기기에 저장된 모든 기록(점수, 방명록, 소셜 활동)과 로그인 정보가 영구 삭제됩니다.","되돌릴 수 없습니다. 이 기기에 저장된 모든 기록(점수, 방명록, 소셜 활동)과 로그인 정보가 영구 삭제됩니다.",,この操作は取り消せません。この端末の記録（スコア、メッセージ、交流履歴）とログイン情報は完全に削除されます。,"Cette action est irréversible. Toutes les données enregistrées sur cet appareil (scores, messages, activité sociale) et les informations de connexion seront supprimées définitivement.","Esta ação não pode ser desfeita. Todos os registros deste aparelho (notas, recados e atividades sociais) e os dados de login serão excluídos permanentemente.",AI linguistic pass; human review pending,,
뒤로가기,뒤로가기,,戻る,Retour,Voltar,AI linguistic pass; human review pending,,
로그아웃,Sign out,로그아웃,ログアウト,Se déconnecter,Sair,AI linguistic pass; human review pending,,
로그아웃 하시겠어요?,Sign out?,로그아웃 하시겠어요?,ログアウトしますか？,Vous déconnecter ?,Sair da conta?,AI linguistic pass; human review pending,,
"로그아웃하면 가입 화면으로 돌아갑니다. 기기에 저장된 기록은 유지되며, 같은 계정으로 다시 로그인하면 복원됩니다.","로그아웃하면 가입 화면으로 돌아갑니다. 기기에 저장된 기록은 유지되며, 같은 계정으로 다시 로그인하면 복원됩니다.",,ログアウトすると登録画面に戻ります。端末の記録は残り、同じアカウントでログインすると復元されます。,Vous reviendrez à l’écran d’inscription. Les entrées sur l’appareil sont conservées et seront restaurées à la reconnexion au même compte.,Você voltará para a tela de cadastro. Os registros no aparelho serão mantidos e restaurados ao entrar de novo na mesma conta.,AI linguistic pass; human review pending,,
로그아웃하면 가입 화면으로 돌아갑니다. 기기에 저장된 기록은 유지됩니다.,Signing out returns you to the sign-up screen. Records saved on this device stay.,로그아웃하면 가입 화면으로 돌아갑니다. 기기에 저장된 기록은 유지됩니다.,ログアウトすると登録画面に戻ります。端末の記録は残ります。,Vous reviendrez à l’écran d’inscription. Les entrées sur l’appareil sont conservées.,Você voltará para a tela de cadastro. Os registros no aparelho serão mantidos.,AI linguistic pass; human review pending,,
로그인 실패,로그인 실패,,ログインできませんでした,Échec de la connexion,Não foi possível entrar,AI linguistic pass; human review pending,,
로그인하면 홈에 공유할 수 있어요,Sign in to share on Home,로그인하면 홈에 공유할 수 있어요,ログインするとホームに共有できます,Connectez-vous pour partager dans Accueil,Entre para compartilhar no Início,AI linguistic pass; human review pending,,
마감된 토픽이에요,마감된 토픽이에요,,このトピックは終了しています,Ce sujet est clos,Este assunto foi encerrado,AI linguistic pass; human review pending,,
마지막 동기화,마지막 동기화,,前回の同期,Dernière synchronisation,Última sincronização,AI linguistic pass; human review pending,,
매일 새 토픽이 올라옵니다.,매일 새 토픽이 올라옵니다.,,毎日、新しいトピックが登場します。,De nouveaux sujets chaque jour.,Novos assuntos todos os dias.,AI linguistic pass; human review pending,,
미리보기,미리보기,,プレビュー,Aperçu,Prévia,AI linguistic pass; human review pending,,
미리보기 — 예시 콘텐츠입니다. 실제 커뮤니티는 온라인 서비스 출시와 함께 열려요.,미리보기 — 예시 콘텐츠입니다. 실제 커뮤니티는 온라인 서비스 출시와 함께 열려요.,,プレビュー用のサンプルです。オンラインサービス開始後にコミュニティが利用できます。,Aperçu avec du contenu d’exemple. La communauté ouvrira au lancement du service en ligne.,Prévia com conteúdo de exemplo. A comunidade será aberta com o lançamento do serviço online.,AI linguistic pass; human review pending,,
방명록,Guestbook,방명록,メッセージ帳,Livre d’or,Mural de recados,AI linguistic pass; human review pending,,
방명록에 한 줄 남겨보세요...,Leave a line in the guestbook...,방명록에 한 줄 남겨보세요...,ひとことメッセージを残す…,Laissez un mot…,Deixe um recado…,AI linguistic pass; human review pending,,
배경 설명 (10~200자),배경 설명 (10~200자),,背景の説明（10〜200文字）,Contexte (10 à 200 caractères),Contexto (10 a 200 caracteres),AI linguistic pass; human review pending,,
불러오지 못했어요,Couldn't load,불러오지 못했어요,読み込めませんでした,Chargement impossible,Não foi possível carregar,AI linguistic pass; human review pending,,
비공개,Private,비공개,非公開,Privé,Privado,AI linguistic pass; human review pending,,
비슷한 기존 토픽에 참여해 보세요,비슷한 기존 토픽에 참여해 보세요,,似ているトピックに参加してみましょう,Participez à un sujet similaire,Participe de um assunto parecido,AI linguistic pass; human review pending,,
사람 검색,Search people,사람 검색,ユーザーを検索,Rechercher des personnes,Buscar pessoas,AI linguistic pass; human review pending,,
사용자 탐색,Find people,사용자 탐색,ユーザーを探す,Découvrir des personnes,Encontrar pessoas,AI linguistic pass; human review pending,,
사용자명,Username,사용자명,ユーザー名,Nom d’utilisateur,Nome de usuário,AI linguistic pass; human review pending,,
사진 제거,Remove photo,사진 제거,写真を削除,Supprimer la photo,Remover foto,AI linguistic pass; human review pending,,
사회,Society,사회,社会,Société,Sociedade,AI linguistic pass; human review pending,,
삭제,Delete,삭제,削除,Supprimer,Excluir,AI linguistic pass; human review pending,,
삭제하기,Delete,삭제하기,削除する,Supprimer,Excluir,AI linguistic pass; human review pending,,
삭제하면 되돌릴 수 없습니다.,This can't be undone.,삭제하면 되돌릴 수 없습니다.,削除すると元に戻せません。,La suppression est irréversible.,A exclusão não pode ser desfeita.,AI linguistic pass; human review pending,,
새 제안,새 제안,,新しい提案,Nouvelle proposition,Nova sugestão,AI linguistic pass; human review pending,,
새로운 소식이 생기면 여기에서 확인하세요,새로운 소식이 생기면 여기에서 확인하세요,,新しいお知らせはここに表示されます,Les nouveautés apparaîtront ici,As novidades vão aparecer aqui,AI linguistic pass; human review pending,,
새벽,Late night,새벽,未明,Tôt le matin,Madrugada,AI linguistic pass; human review pending,,
설정 안 함,Not set,설정 안 함,未設定,Non renseigné,Não informado,AI linguistic pass; human review pending,,
성별,Gender,성별,性別,Genre,Gênero,AI linguistic pass; human review pending,,
세계가 실시간으로 감정 점수를 매기는 토픽 피드,A topic feed where the world scores emotions in real time,세계가 실시간으로 감정 점수를 매기는 토픽 피드,世界のみんながリアルタイムで気持ちをスコアにするトピックフィード,Les sujets que le monde note en temps réel,Os assuntos que o mundo avalia em tempo real,AI linguistic pass; human review pending,,
세계는 지금 이 토픽을 %lld점으로 느끼고 있어요.,The world feels this topic at %lld right now.,세계는 지금 이 토픽을 %lld점으로 느끼고 있어요.,このトピックの世界平均は%lld点です。,Le score mondial de ce sujet est de %lld.,A nota mundial deste assunto é %lld.,AI linguistic pass; human review pending,,
수정,Edit,수정,編集,Modifier,Editar,AI linguistic pass; human review pending,,
수정하기,Edit,수정하기,編集する,Modifier,Editar,AI linguistic pass; human review pending,,
스포츠,Sports,스포츠,スポーツ,Sport,Esportes,AI linguistic pass; human review pending,,
신고 사유,신고 사유,,通報の理由,Motif du signalement,Motivo da denúncia,AI linguistic pass; human review pending,,
신고는 24시간 안에 검토됩니다. 신고자 정보는 상대에게 공개되지 않습니다.,신고는 24시간 안에 검토됩니다. 신고자 정보는 상대에게 공개되지 않습니다.,,通報は24時間以内に確認します。通報者の情報は相手に公開されません。,Les signalements sont examinés sous 24 heures. Votre identité n’est pas communiquée à la personne signalée.,As denúncias são analisadas em até 24 horas. Seus dados não são mostrados à pessoa denunciada.,AI linguistic pass; human review pending,,
신고하기,신고하기,,通報する,Signaler,Denunciar,AI linguistic pass; human review pending,,
심사 알림,심사 알림,,審査のお知らせ,Résultats de l’examen,Resultado da análise,AI linguistic pass; human review pending,,
아직 %@ 알림이 없어요,아직 %@ 알림이 없어요,,「%@」の通知はまだありません,Aucune notification pour « %@ »,Nenhuma notificação de “%@”,AI linguistic pass; human review pending,,
아직 나눠진 하루가 없어요,아직 나눠진 하루가 없어요,,共有された記録はまだありません,Aucune journée partagée pour le moment,Nenhum dia compartilhado ainda,AI linguistic pass; human review pending,,
아직 댓글이 없어요.,No comments yet.,아직 댓글이 없어요.,コメントはまだありません。,Aucun commentaire pour le moment.,Ainda não há comentários.,AI linguistic pass; human review pending,,
아직 반응 없음,No reactions yet,아직 반응 없음,まだ反応がありません,Aucune réaction,Nenhuma reação ainda,AI linguistic pass; human review pending,,
아직 반응이 없어요. 첫 Scoor를 남겨주세요.,No reactions yet. Be the first to Scoor.,아직 반응이 없어요. 첫 Scoor를 남겨주세요.,まだスコアがありません。最初のスコアをつけてみましょう。,Aucun score pour le moment. Donnez le premier.,Ainda não há notas. Que tal dar a primeira?,AI linguistic pass; human review pending,,
아직 방명록이 없어요. 첫 글을 남겨보세요!,No guestbook entries yet. Be the first!,아직 방명록이 없어요. 첫 글을 남겨보세요!,まだメッセージがありません。最初のひとことをどうぞ！,Aucun message pour le moment. Laissez le premier !,Ainda não há recados. Deixe o primeiro!,AI linguistic pass; human review pending,,
아직 알림이 없어요,아직 알림이 없어요,,通知はまだありません,Aucune notification pour le moment,Nenhuma notificação ainda,AI linguistic pass; human review pending,,
아직 이 감정의 글이 없어요.,No posts with this mood yet.,아직 이 감정의 글이 없어요.,この気分の投稿はまだありません。,Aucune publication avec cette humeur.,Ainda não há publicações com esse humor.,AI linguistic pass; human review pending,,
아직 이 기간의 기록이 없어요,아직 이 기간의 기록이 없어요,,この期間の記録はまだありません,Aucune entrée sur cette période,Nenhum registro neste período,AI linguistic pass; human review pending,,
아직 이 토픽에 대한 이야기가 없어요,아직 이 토픽에 대한 이야기가 없어요,,このトピックのコメントはまだありません,Aucune discussion sur ce sujet pour le moment,Ninguém comentou sobre este assunto ainda,AI linguistic pass; human review pending,,
아직 점수 매긴 토픽이 없어요,No topics scored yet,아직 점수 매긴 토픽이 없어요,スコアをつけたトピックはまだありません,Aucun sujet noté pour le moment,Você ainda não avaliou nenhum assunto,AI linguistic pass; human review pending,,
알림,Activity,알림,通知,Activité,Atividade,AI linguistic pass; human review pending,,
업데이트,Update,업데이트,更新,Mettre à jour,Atualizar,AI linguistic pass; human review pending,,
여성,Female,여성,女性,Femme,Feminino,AI linguistic pass; human review pending,,
연속,Streak,연속,連続,Série,Sequência,AI linguistic pass; human review pending,,
연애,Love,연애,恋愛,Relations amoureuses,Relacionamentos,AI linguistic pass; human review pending,,
연예,Entertainment,연예,エンタメ,Divertissement,Entretenimento,AI linguistic pass; human review pending,,
예: 주 4일 재택근무 도입에 찬성하나요?,예: 주 4일 재택근무 도입에 찬성하나요?,,例：週4日の在宅勤務に賛成ですか？,Ex. : êtes-vous pour quatre jours de télétravail par semaine ?,Ex.: você é a favor de quatro dias de trabalho remoto por semana?,AI linguistic pass; human review pending,,
오늘,Today,오늘,今日,Aujourd’hui,Hoje,AI linguistic pass; human review pending,,
오늘 기록하기,오늘 기록하기,,今日を記録する,Noter ma journée,Registrar hoje,AI linguistic pass; human review pending,,
오늘 하루는 어땠나요?,How was your day today?,오늘 하루는 어땠나요?,今日はどんな一日でしたか？,Comment s’est passée votre journée ?,Como foi seu dia hoje?,AI linguistic pass; human review pending,,
오늘의 감정을 한 줄로...,Sum up today's mood in one line...,오늘의 감정을 한 줄로...,今日の気分をひとことで…,Votre humeur du jour en quelques mots…,Seu humor de hoje em poucas palavras…,AI linguistic pass; human review pending,,
오늘의 기록,Today's entries,오늘의 기록,今日の記録,Entrée du jour,Registro de hoje,AI linguistic pass; human review pending,,
오늘의 점수와 한 줄 수정,Edit your score and note,오늘의 점수와 한 줄 수정,今日のスコアとメモを編集,Modifier le score et la note du jour,Editar a nota e a anotação de hoje,AI linguistic pass; human review pending,,
오늘의 점수와 한 줄로 이야기를 시작해보세요,오늘의 점수와 한 줄로 이야기를 시작해보세요,,今日のスコアとひとことを残してみましょう,Commencez par un score et quelques mots,Comece com uma nota e algumas palavras,AI linguistic pass; human review pending,,
완료,완료,,完了,Terminé,Concluir,AI linguistic pass; human review pending,,
월드 피드를 불러오지 못했어요,Couldn't load the world feed,월드 피드를 불러오지 못했어요,ワールドのフィードを読み込めませんでした,Impossible de charger le fil Monde,Não foi possível carregar o feed de Mundo,AI linguistic pass; human review pending,,
의견·논의,의견·논의,,意見・議論,Opinions et débats,Opiniões e debates,AI linguistic pass; human review pending,,
이 기간의 가장 높은 하루 · %lld점,이 기간의 가장 높은 하루 · %lld점,,この期間で最高の日 · %lld点,Meilleur jour de la période · %lld pts,Melhor dia do período · %lld pts,AI linguistic pass; human review pending,,
이 날의 점수를 삭제할까요?,Delete this day's score?,이 날의 점수를 삭제할까요?,この日のスコアを削除しますか？,Supprimer le score de ce jour ?,Excluir a nota deste dia?,AI linguistic pass; human review pending,,
이 사용자의 글 더 이상 보지 않기,이 사용자의 글 더 이상 보지 않기,,この人の投稿を表示しない,Masquer les publications de cette personne,Ocultar publicações desta pessoa,AI linguistic pass; human review pending,,
이 채널엔 아직 글이 없어요.,No posts in this channel yet.,이 채널엔 아직 글이 없어요.,このチャンネルにはまだ投稿がありません。,Aucune publication dans ce canal.,Ainda não há publicações neste canal.,AI linguistic pass; human review pending,,
이 카테고리엔 아직 토픽이 없어요.,이 카테고리엔 아직 토픽이 없어요.,,このカテゴリーにはまだトピックがありません。,Aucun sujet dans cette catégorie.,Ainda não há assuntos nesta categoria.,AI linguistic pass; human review pending,,
이 토픽에 대한 한 줄 감정,Your one-line feeling on this topic,이 토픽에 대한 한 줄 감정,このトピックへのひとこと,Votre ressenti sur ce sujet en quelques mots,Seu sentimento sobre este assunto em poucas palavras,AI linguistic pass; human review pending,,
이메일,Email,이메일,メールアドレス,E-mail,E-mail,AI linguistic pass; human review pending,,
이번 달,This month,이번 달,今月,Ce mois-ci,Este mês,AI linguistic pass; human review pending,,
이번 달 대표 감정,이번 달 대표 감정,,今月によく見られた気分,Humeur dominante du mois,Humor mais frequente do mês,AI linguistic pass; human review pending,,
"이번 달 대표 감정 %@, %lld일","이번 달 대표 감정 %1$@, %2$lld일",,今月によく見られた気分：%1$@、%2$lld日,"Humeur dominante : %1$@, sur %2$lld jours","Humor mais frequente: %1$@, em %2$lld dias",AI linguistic pass; human review pending,,
이번 달 평균,This month's average,이번 달 평균,今月の平均,Moyenne du mois,Média deste mês,AI linguistic pass; human review pending,,
이유를 입력하면 선택할 수 있어요,Add a note to enable sharing,이유를 입력하면 선택할 수 있어요,メモを入力すると共有できます,Ajoutez une note pour activer le partage,Adicione uma anotação para compartilhar,AI linguistic pass; human review pending,,
이전 %lld일 대비 %@%lld점,이전 %1$lld일 대비 %2$@%3$lld점,,前の%1$lld日間と比べて%2$@%3$lld点,Par rapport aux %1$lld jours précédents : %2$@%3$lld points,Em relação aos %1$lld dias anteriores: %2$@%3$lld pontos,AI linguistic pass; human review pending,,
익명,Anonymous,익명,匿名,Anonyme,Anônimo,AI linguistic pass; human review pending,,
익명으로 남기기,익명으로 남기기,,匿名で投稿,Publier anonymement,Publicar anonimamente,AI linguistic pass; human review pending,,
일반인 신상·외모 품평·개인 공격·혐오·광고는 올릴 수 없어요.,일반인 신상·외모 품평·개인 공격·혐오·광고는 올릴 수 없어요.,,一般の方の個人情報、容姿への評価、個人攻撃、差別表現、広告は投稿できません。,"Les informations privées, jugements sur l’apparence, attaques personnelles, propos haineux et publicités sont interdits.","Não publique dados pessoais de pessoas comuns, avaliações de aparência, ataques pessoais, discurso de ódio ou propaganda.",AI linguistic pass; human review pending,,
입력 완료,입력 완료,,入力を完了,Terminer la saisie,Concluir digitação,AI linguistic pass; human review pending,,
"자살예방 상담전화 **109** — 24시간, 무료","자살예방 상담전화 **109** — 24시간, 무료",,韓国の自殺予防相談 **109** — 24時間・無料,"Prévention du suicide en Corée du Sud : **109**, gratuit, 24 h/24","Prevenção do suicídio na Coreia do Sul: **109**, gratuito, 24 horas",AI linguistic pass; human review pending,,
자세한 내용 (선택),자세한 내용 (선택),,詳細（任意）,Précisions (facultatif),Detalhes (opcional),AI linguistic pass; human review pending,,
잔잔,Steady,잔잔,穏やか,Calme,Tranquilo,AI linguistic pass; human review pending,,
저장,Save,저장,保存,Enregistrer,Salvar,AI linguistic pass; human review pending,,
전체,All,전체,すべて,Tout,Tudo,AI linguistic pass; human review pending,,
전체 보기,See all,전체 보기,すべて見る,Tout voir,Ver tudo,AI linguistic pass; human review pending,,
점수 %lld,점수 %lld,,スコア%lld点,Score : %lld,Nota: %lld,AI linguistic pass; human review pending,,
점수 기준,점수 기준,,スコアの基準,Barème,Critérios de pontuação,AI linguistic pass; human review pending,,
점수 더 보기,점수 더 보기,,ほかのスコアを見る,Voir plus de scores,Ver mais notas,AI linguistic pass; human review pending,,
점수와 이유가 홈에 공개돼요,Your score and note will appear on Home,점수와 이유가 홈에 공개돼요,スコアとメモがホームで公開されます,Votre score et votre note seront publics dans Accueil,Sua nota e anotação ficarão públicas no Início,AI linguistic pass; human review pending,,
점수와 한 줄로 오늘을 남겨보세요,Capture today with a score and a note,점수와 한 줄로 오늘을 남겨보세요,スコアとひとことで今日を記録しましょう,Gardez une trace du jour avec un score et quelques mots,Registre hoje com uma nota e algumas palavras,AI linguistic pass; human review pending,,
정신건강 상담전화 **1577-0199**,정신건강 상담전화 **1577-0199**,,韓国のメンタルヘルス相談 **1577-0199**,Soutien psychologique en Corée du Sud : **1577-0199**,Apoio em saúde mental na Coreia do Sul: **1577-0199**,AI linguistic pass; human review pending,,
정치,Politics,정치,政治,Politique,Política,AI linguistic pass; human review pending,,
제안 수정,제안 수정,,提案を編集,Modifier la proposition,Editar sugestão,AI linguistic pass; human review pending,,
제안을 보냈어요,제안을 보냈어요,,提案を送りました,Proposition envoyée,Sugestão enviada,AI linguistic pass; human review pending,,
제안을 불러오는 중…,제안을 불러오는 중…,,提案を読み込み中…,Chargement des propositions…,Carregando sugestões…,AI linguistic pass; human review pending,,
제출,제출,,送信,Envoyer,Enviar,AI linguistic pass; human review pending,,
제출 중…,제출 중…,,送信中…,Envoi…,Enviando…,AI linguistic pass; human review pending,,
종류,종류,,種類,Type,Tipo,AI linguistic pass; human review pending,,
좋아요 저장에 실패했어요. 다시 시도해주세요.,Couldn't save your like. Please try again.,좋아요 저장에 실패했어요. 다시 시도해주세요.,いいねを保存できませんでした。もう一度お試しください。,Impossible d’enregistrer la réaction. Réessayez.,Não foi possível salvar a curtida. Tente de novo.,AI linguistic pass; human review pending,,
주식,Stocks,주식,株式,Bourse,Ações,AI linguistic pass; human review pending,,
지금,Now,지금,今,À l’instant,Agora,AI linguistic pass; human review pending,,
지금 뜨거운 토픽,Hot topics now,지금 뜨거운 토픽,今、注目のトピック,Sujets du moment,Assuntos em alta,AI linguistic pass; human review pending,,
직장,Work,직장,仕事,Travail,Trabalho,AI linguistic pass; human review pending,,
질문의 종류와 출처,질문의 종류와 출처,,質問の種類と出典,Type de question et source,Tipo de pergunta e fonte,AI linguistic pass; human review pending,,
차단하면 이 사용자의 반응이 즉시 보이지 않습니다. 상대에게는 알려지지 않습니다.,차단하면 이 사용자의 반응이 즉시 보이지 않습니다. 상대에게는 알려지지 않습니다.,,ブロックすると、この人の反応はすぐに非表示になります。相手に通知されません。,Les réactions de cette personne seront immédiatement masquées. Elle ne sera pas avertie du blocage.,As reações dessa pessoa serão ocultadas imediatamente. Ela não será avisada do bloqueio.,AI linguistic pass; human review pending,,
차단한 사용자,차단한 사용자,,ブロックしたユーザー,Personnes bloquées,Pessoas bloqueadas,AI linguistic pass; human review pending,,
차단한 사용자가 없습니다,차단한 사용자가 없습니다,,ブロックしたユーザーはいません,Aucune personne bloquée,Nenhuma pessoa bloqueada,AI linguistic pass; human review pending,,
참여가 시작되면 질문과 점수 기준은 바꿀 수 없어요.,참여가 시작되면 질문과 점수 기준은 바꿀 수 없어요.,,参加が始まると、質問とスコアの基準は変更できません。,La question et le barème ne peuvent plus être modifiés après la première participation.,A pergunta e os critérios não podem ser alterados depois que a participação começar.,AI linguistic pass; human review pending,,
철회,철회,,取り下げる,Retirer,Retirar,AI linguistic pass; human review pending,,
첫 댓글을 남겨보세요.,Be the first to comment.,첫 댓글을 남겨보세요.,最初のコメントを残してみましょう。,Laissez le premier commentaire.,Deixe o primeiro comentário.,AI linguistic pass; human review pending,,
첫 점수를 남겨보세요,첫 점수를 남겨보세요,,最初のスコアをつけてみましょう,Donnez le premier score,Dê a primeira nota,AI linguistic pass; human review pending,,
최고 기록,Best record,최고 기록,最高記録,Meilleur record,Melhor marca,AI linguistic pass; human review pending,,
최근 반응,Recent reactions,최근 반응,最近の反応,Réactions récentes,Reações recentes,AI linguistic pass; human review pending,,
추천할 새 사용자가 없어요. 이미 다 팔로우 중!,No new users to suggest. You follow them all!,추천할 새 사용자가 없어요. 이미 다 팔로우 중!,新しいおすすめユーザーはいません。全員フォロー済みです！,Pas de nouvelle suggestion : vous suivez déjà tout le monde !,Nenhuma sugestão nova. Você já segue todo mundo!,AI linguistic pass; human review pending,,
출처 URL (선택),출처 URL (선택),,出典のURL（任意）,URL de la source (facultatif),URL da fonte (opcional),AI linguistic pass; human review pending,,
출처 URL (필수),출처 URL (필수),,出典のURL（必須）,URL de la source (obligatoire),URL da fonte (obrigatório),AI linguistic pass; human review pending,,
출처 보기,출처 보기,,出典を見る,Voir la source,Ver fonte,AI linguistic pass; human review pending,,
취소,Cancel,취소,キャンセル,Annuler,Cancelar,AI linguistic pass; human review pending,,
카테고리,카테고리,,カテゴリー,Catégorie,Categoria,AI linguistic pass; human review pending,,
커뮤니티 제안,커뮤니티 제안,,コミュニティからの提案,Proposition de la communauté,Sugestão da comunidade,AI linguistic pass; human review pending,,
커뮤니티 제안 · 게시 미리보기,커뮤니티 제안 · 게시 미리보기,,コミュニティからの提案 · 投稿プレビュー,Proposition de la communauté · Aperçu,Sugestão da comunidade · Prévia,AI linguistic pass; human review pending,,
코인,Crypto,코인,暗号資産,Crypto,Cripto,AI linguistic pass; human review pending,,
탐색,Explore,탐색,見つける,Explorer,Explorar,AI linguistic pass; human review pending,,
탭해서 계속,Tap to continue,탭해서 계속,タップして続ける,Touchez pour continuer,Toque para continuar,AI linguistic pass; human review pending,,
테크,Tech,테크,テクノロジー,Tech,Tecnologia,AI linguistic pass; human review pending,,
토픽 %lld,Topics %lld,토픽 %lld,トピック %lld件,Sujets : %lld,Assuntos: %lld,AI linguistic pass; human review pending,,
토픽 검색,Search topics,토픽 검색,トピックを検索,Rechercher un sujet,Buscar assuntos,AI linguistic pass; human review pending,,
토픽 또는 사유 검색,Search topic or reason,토픽 또는 사유 검색,トピックや理由を検索,Rechercher un sujet ou une raison,Buscar assunto ou motivo,AI linguistic pass; human review pending,,
토픽 보기,토픽 보기,,トピックを見る,Voir le sujet,Ver assunto,AI linguistic pass; human review pending,,
토픽 신고 또는 제안자 차단,토픽 신고 또는 제안자 차단,,トピックを通報、または提案者をブロック,Signaler le sujet ou bloquer son auteur,Denunciar assunto ou bloquear autor,AI linguistic pass; human review pending,,
토픽 제안,Suggest a topic,토픽 제안,トピックを提案,Proposer un sujet,Sugerir assunto,AI linguistic pass; human review pending,,
토픽 제안 · %lld,Suggest a topic · %lld,토픽 제안 · %lld,トピックの提案 · %lld,Propositions de sujets · %lld,Sugestões de assuntos · %lld,AI linguistic pass; human review pending,,
토픽에 대한 점수와 의견이 이곳에 모여요,토픽에 대한 점수와 의견이 이곳에 모여요,,このトピックのスコアと意見がここに集まります,Les scores et les avis sur ce sujet apparaîtront ici,As notas e opiniões sobre este assunto vão aparecer aqui,AI linguistic pass; human review pending,,
통계,Stats,통계,統計,Statistiques,Estatísticas,AI linguistic pass; human review pending,,
통계 공유,통계 공유,,統計を共有,Partager les statistiques,Compartilhar estatísticas,AI linguistic pass; human review pending,,
팔로우,Follow,팔로우,フォロー,Suivre,Seguir,AI linguistic pass; human review pending,,
팔로우 상태 저장에 실패했어요.,Couldn't save the follow.,팔로우 상태 저장에 실패했어요.,フォロー状態を保存できませんでした。,Impossible de mettre à jour l’abonnement.,Não foi possível salvar quem você segue.,AI linguistic pass; human review pending,,
팔로워 %@ · 글 %lld,%@ followers · %lld posts,팔로워 %@ · 글 %lld,フォロワー %1$@ · 投稿 %2$lld件,Abonnés : %1$@ · Publications : %2$lld,Seguidores: %1$@ · Publicações: %2$lld,AI linguistic pass; human review pending,,
팔로잉,Following,팔로잉,フォロー中,Abonnements,Seguindo,AI linguistic pass; human review pending,,
팬 평균,Fan average,팬 평균,ファンの平均,Moyenne des fans,Média dos fãs,AI linguistic pass; human review pending,,
편집,편집,,編集,Modifier,Editar,AI linguistic pass; human review pending,,
평균 %lld,Avg %lld,평균 %lld,平均%lld点,Moy. %lld,Média %lld,AI linguistic pass; human review pending,,
평균 점수,평균 점수,,平均スコア,Score moyen,Nota média,AI linguistic pass; human review pending,,
표시할 사람이 없어요,No one to show,표시할 사람이 없어요,表示する人がいません,Aucune personne à afficher,Ninguém para mostrar,AI linguistic pass; human review pending,,
프로필 사진 변경,Change profile photo,프로필 사진 변경,プロフィール写真を変更,Changer la photo de profil,Alterar foto de perfil,AI linguistic pass; human review pending,,
프로필 편집,Edit profile,프로필 편집,プロフィールを編集,Modifier le profil,Editar perfil,AI linguistic pass; human review pending,,
피드를 불러오지 못했어요,Couldn't load the feed,피드를 불러오지 못했어요,フィードを読み込めませんでした,Impossible de charger le fil,Não foi possível carregar o feed,AI linguistic pass; human review pending,,
하루를 남기면 이곳에 흐름이 그려져요,하루를 남기면 이곳에 흐름이 그려져요,,記録をつけると、ここに日々の変化が表示されます,L’évolution de vos journées apparaîtra ici au fil des entrées,A evolução dos seus dias vai aparecer aqui conforme você registrar,AI linguistic pass; human review pending,,
학생,Students,학생,学生,Études,Estudos,AI linguistic pass; human review pending,,
한 줄 코멘트 · 선택,One-line comment · optional,한 줄 코멘트 · 선택,ひとことコメント · 任意,Commentaire court · facultatif,Comentário curto · opcional,AI linguistic pass; human review pending,,
함께 논의할 질문,함께 논의할 질문,,みんなで話したい質問,Question à discuter ensemble,Pergunta para discutir,AI linguistic pass; human review pending,,
함께 이야기하고 싶은 주제를 제안해 보세요.,함께 이야기하고 싶은 주제를 제안해 보세요.,,みんなで話したいトピックを提案してみましょう。,Proposez un sujet dont vous aimeriez discuter.,Sugira um assunto sobre o qual você gostaria de conversar.,AI linguistic pass; human review pending,,
해제,해제,,解除,Débloquer,Desbloquear,AI linguistic pass; human review pending,,
현재 연속 기록,현재 연속 기록,,現在の連続記録,Série en cours,Sequência atual,AI linguistic pass; human review pending,,
홈에 공유,Share to Home,홈에 공유,ホームに共有,Partager dans Accueil,Compartilhar no Início,AI linguistic pass; human review pending,,
확인,Done,확인,確認,OK,OK,AI linguistic pass; human review pending,,
계정이 삭제됐어요,Account deleted,계정이 삭제됐어요,アカウントを削除しました,Compte supprimé,Conta excluída,AI linguistic pass; human review pending,,
Apple 로그인 연결 해제가 아직 완료되지 않았어요. iPhone 설정의 Apple 계정 → Apple로 로그인 → Scoor에서도 연결을 해제할 수 있어요.,Apple sign-in access has not yet been revoked. You can also remove Scoor in iPhone Settings → Apple Account → Sign in with Apple.,Apple 로그인 연결 해제가 아직 완료되지 않았어요. iPhone 설정의 Apple 계정 → Apple로 로그인 → Scoor에서도 연결을 해제할 수 있어요.,Appleログインの連携解除がまだ完了していません。iPhoneの設定 → Apple Account → Appleでサインインから、Scoorの連携を解除することもできます。,L’accès via Apple n’a pas encore été révoqué. Vous pouvez aussi supprimer Scoor dans Réglages de l’iPhone → Compte Apple → Se connecter avec Apple.,O acesso pelo login da Apple ainda não foi revogado. Você também pode remover o Scoor nos Ajustes do iPhone → Conta Apple → Iniciar sessão com a Apple.,AI linguistic pass; human review pending,,
점수는 저장됐지만 홈 공유에 실패했어요. 다시 시도해주세요.,점수는 저장됐지만 홈 공유에 실패했어요. 다시 시도해주세요.,점수는 저장됐지만 홈 공유에 실패했어요. 다시 시도해주세요.,スコアは保存されましたが、ホームに共有できませんでした。もう一度お試しください。,"Le score est enregistré, mais le partage dans Accueil a échoué. Réessayez.","A nota foi salva, mas não foi possível compartilhar no Início. Tente de novo.",AI linguistic pass; human review pending,,
내용을 입력해주세요.,내용을 입력해주세요.,내용을 입력해주세요.,内容を入力してください。,Saisissez un message.,Digite uma mensagem.,AI linguistic pass; human review pending,,
대상을 찾을 수 없어요.,대상을 찾을 수 없어요.,대상을 찾을 수 없어요.,対象が見つかりませんでした。,Élément introuvable.,Item não encontrado.,AI linguistic pass; human review pending,,
부정적,부정적,부정적,否定的,Négatif,Negativo,AI linguistic pass; human review pending,,
긍정적,긍정적,긍정적,肯定的,Positif,Positivo,AI linguistic pass; human review pending,,
실시간,실시간,실시간,リアルタイム,En direct,Ao vivo,AI linguistic pass; human review pending,,
지금 뜨거움,지금 뜨거움,지금 뜨거움,今、話題,À la une,Em alta,AI linguistic pass; human review pending,,
급상승,급상승,급상승,急上昇,En hausse,Crescendo,AI linguistic pass; human review pending,,
지금 막 올라온 토픽이에요. 첫 반응을 남겨주세요.,지금 막 올라온 토픽이에요. 첫 반응을 남겨주세요.,지금 막 올라온 토픽이에요. 첫 반응을 남겨주세요.,新しいトピックです。最初の反応を残してみましょう。,Nouveau sujet. Laissez la première réaction.,Assunto novo. Deixe a primeira reação.,AI linguistic pass; human review pending,,
행복,행복,행복,幸せ,Bonheur,Felicidade,AI linguistic pass; human review pending,,
번아웃,번아웃,번아웃,燃え尽き,Épuisement,Esgotamento,AI linguistic pass; human review pending,,
외로움,외로움,외로움,寂しさ,Solitude,Solidão,AI linguistic pass; human review pending,,
고요,고요,고요,穏やか,Calme,Tranquilidade,AI linguistic pass; human review pending,,
회복,회복,회복,回復,Récupération,Recuperação,AI linguistic pass; human review pending,,
일,일,일,仕事,Travail,Trabalho,AI linguistic pass; human review pending,,
사랑,사랑,사랑,恋愛,Amour,Amor,AI linguistic pass; human review pending,,
인기,인기,인기,人気,Populaire,Popular,AI linguistic pass; human review pending,,
비슷한 기분,비슷한 기분,비슷한 기분,似た気分,Humeur similaire,Humor parecido,AI linguistic pass; human review pending,,
반대,반대,반대,反対,Contre,Contra,AI linguistic pass; human review pending,,
찬성,찬성,찬성,賛成,Pour,A favor,AI linguistic pass; human review pending,,
로그인은 완료됐지만 가입을 마무리하지 못했어요. 다시 시도해 주세요.,"You’re signed in, but we couldn’t finish setup. Please try again.",로그인은 완료됐지만 가입을 마무리하지 못했어요. 다시 시도해 주세요.,ログインできましたが、登録を完了できませんでした。もう一度お試しください。,"La connexion a réussi, mais la configuration n’a pas pu être terminée. Réessayez.","Você entrou, mas não foi possível concluir o cadastro. Tente de novo.",AI linguistic pass; human review pending,,
이용 안내를 확인하고 계속해 주세요.,Please review the notice and continue.,이용 안내를 확인하고 계속해 주세요.,利用案内を確認して続けてください。,"Consultez les informations, puis continuez.",Leia as informações e continue.,AI linguistic pass; human review pending,,
로그인이 취소되었습니다.,로그인이 취소되었습니다.,로그인이 취소되었습니다.,ログインをキャンセルしました。,Connexion annulée.,Login cancelado.,AI linguistic pass; human review pending,,
로그인 응답이 올바르지 않습니다.,로그인 응답이 올바르지 않습니다.,로그인 응답이 올바르지 않습니다.,ログインの応答が正しくありません。,Réponse de connexion invalide.,Resposta de login inválida.,AI linguistic pass; human review pending,,
이미 가입된 이메일입니다 — 비밀번호가 일치하지 않습니다.,이미 가입된 이메일입니다 — 비밀번호가 일치하지 않습니다.,이미 가입된 이메일입니다 — 비밀번호가 일치하지 않습니다.,このメールアドレスは登録済みです。パスワードが一致しません。,Cette adresse e-mail est déjà inscrite. Le mot de passe ne correspond pas.,Este e-mail já está cadastrado. A senha não confere.,AI linguistic pass; human review pending,,
보안 난수를 생성하지 못했습니다.,보안 난수를 생성하지 못했습니다.,보안 난수를 생성하지 못했습니다.,安全な乱数を生成できませんでした。,Impossible de générer les données de sécurité.,Não foi possível gerar os dados de segurança.,AI linguistic pass; human review pending,,
자격 증명을 저장하지 못했습니다.,자격 증명을 저장하지 못했습니다.,자격 증명을 저장하지 못했습니다.,認証情報を保存できませんでした。,Impossible d’enregistrer les identifiants.,Não foi possível salvar as credenciais.,AI linguistic pass; human review pending,,
이메일 로그인은 별도 플로우를 사용합니다.,이메일 로그인은 별도 플로우를 사용합니다.,이메일 로그인은 별도 플로우를 사용합니다.,メールでのログイン画面をご利用ください。,Utilisez l’écran de connexion par e-mail.,Use a tela de login por e-mail.,AI linguistic pass; human review pending,,
비밀번호가 올바르지 않습니다.,비밀번호가 올바르지 않습니다.,비밀번호가 올바르지 않습니다.,パスワードが正しくありません。,Mot de passe incorrect.,Senha incorreta.,AI linguistic pass; human review pending,,
state 불일치(보안 검증 실패),state 불일치(보안 검증 실패),state 불일치(보안 검증 실패),セキュリティの確認に失敗しました。,Échec de la vérification de sécurité.,A verificação de segurança falhou.,AI linguistic pass; human review pending,,
브라우저 세션을 시작할 수 없습니다.,브라우저 세션을 시작할 수 없습니다.,브라우저 세션을 시작할 수 없습니다.,ブラウザーを開けませんでした。,Impossible d’ouvrir la session du navigateur.,Não foi possível abrir a sessão do navegador.,AI linguistic pass; human review pending,,
토큰 교환 실패,토큰 교환 실패,토큰 교환 실패,認証トークンを取得できませんでした。,Échec de l’échange de jetons.,A troca de tokens falhou.,AI linguistic pass; human review pending,,
이미 진행 중인 Apple 로그인이 있습니다.,이미 진행 중인 Apple 로그인이 있습니다.,이미 진행 중인 Apple 로그인이 있습니다.,Appleでのログインはすでに進行中です。,Une connexion avec Apple est déjà en cours.,Um login com a Apple já está em andamento.,AI linguistic pass; human review pending,,
네트워크에 연결되어 있지 않습니다.,네트워크에 연결되어 있지 않습니다.,네트워크에 연결되어 있지 않습니다.,インターネットに接続されていません。,Pas de connexion à Internet.,Sem conexão com a internet.,AI linguistic pass; human review pending,,
서버가 설정되지 않았습니다.,서버가 설정되지 않았습니다.,서버가 설정되지 않았습니다.,サーバーが設定されていません。,Le serveur n’est pas configuré.,O servidor não está configurado.,AI linguistic pass; human review pending,,
로그인이 필요합니다.,로그인이 필요합니다.,로그인이 필요합니다.,ログインが必要です。,Connexion nécessaire.,É necessário entrar na conta.,AI linguistic pass; human review pending,,
너무 자주 시도했습니다. 잠시 후 다시 시도해 주세요.,너무 자주 시도했습니다. 잠시 후 다시 시도해 주세요.,너무 자주 시도했습니다. 잠시 후 다시 시도해 주세요.,試行回数が多すぎます。少し待ってからお試しください。,Trop de tentatives. Réessayez dans un moment.,Muitas tentativas. Aguarde um pouco e tente de novo.,AI linguistic pass; human review pending,,
앱을 최신 버전으로 업데이트해 주세요.,앱을 최신 버전으로 업데이트해 주세요.,앱을 최신 버전으로 업데이트해 주세요.,アプリを最新バージョンに更新してください。,Mettez l’app à jour.,Atualize o app para a versão mais recente.,AI linguistic pass; human review pending,,
서버 응답을 처리하지 못했습니다.,서버 응답을 처리하지 못했습니다.,서버 응답을 처리하지 못했습니다.,サーバーの応答を処理できませんでした。,Impossible de traiter la réponse du serveur.,Não foi possível processar a resposta do servidor.,AI linguistic pass; human review pending,,
이미 가입된 이메일입니다.,이미 가입된 이메일입니다.,이미 가입된 이메일입니다.,このメールアドレスは登録済みです。,Cette adresse e-mail est déjà inscrite.,Este e-mail já está cadastrado.,AI linguistic pass; human review pending,,
사용할 수 없는 이메일 주소입니다.,사용할 수 없는 이메일 주소입니다.,사용할 수 없는 이메일 주소입니다.,このメールアドレスは使用できません。,Cette adresse e-mail ne peut pas être utilisée.,Este endereço de e-mail não pode ser usado.,AI linguistic pass; human review pending,,
비밀번호가 너무 약합니다. 6자 이상으로 설정해 주세요.,비밀번호가 너무 약합니다. 6자 이상으로 설정해 주세요.,비밀번호가 너무 약합니다. 6자 이상으로 설정해 주세요.,パスワードは6文字以上にしてください。,Choisissez un mot de passe d’au moins 6 caractères.,Escolha uma senha com pelo menos 6 caracteres.,AI linguistic pass; human review pending,,
검토 중,검토 중,검토 중,審査中,En cours d’examen,Em análise,AI linguistic pass; human review pending,,
수정 요청,수정 요청,수정 요청,修正が必要,Modifications demandées,Alterações solicitadas,AI linguistic pass; human review pending,,
게시됨,게시됨,게시됨,掲載済み,Publié,Publicado,AI linguistic pass; human review pending,,
반려,반려,반려,見送り,Refusé,Não aprovado,AI linguistic pass; human review pending,,
기존 토픽으로 연결됨,기존 토픽으로 연결됨,기존 토픽으로 연결됨,既存のトピックに統合,Rattaché à un sujet existant,Vinculado a um assunto existente,AI linguistic pass; human review pending,,
철회됨,철회됨,철회됨,取り下げ済み,Retiré,Retirado,AI linguistic pass; human review pending,,
상태 확인 중,상태 확인 중,상태 확인 중,状態を確認中,Vérification du statut,Verificando status,AI linguistic pass; human review pending,,
질문은 5~80자로 입력해 주세요.,질문은 5~80자로 입력해 주세요.,질문은 5~80자로 입력해 주세요.,質問は5〜80文字で入力してください。,La question doit contenir de 5 à 80 caractères.,A pergunta deve ter de 5 a 80 caracteres.,AI linguistic pass; human review pending,,
배경 설명은 10~200자로 입력해 주세요.,배경 설명은 10~200자로 입력해 주세요.,배경 설명은 10~200자로 입력해 주세요.,背景の説明は10〜200文字で入力してください。,Le contexte doit contenir de 10 à 200 caractères.,O contexto deve ter de 10 a 200 caracteres.,AI linguistic pass; human review pending,,
서로 다른 점수 기준을 각각 20자 이내로 입력해 주세요.,서로 다른 점수 기준을 각각 20자 이내로 입력해 주세요.,서로 다른 점수 기준을 각각 20자 이내로 입력해 주세요.,異なるスコアの基準を、それぞれ20文字以内で入力してください。,Saisissez deux critères distincts de 20 caractères maximum chacun.,Digite dois critérios diferentes com até 20 caracteres cada.,AI linguistic pass; human review pending,,
뉴스·사건에는 출처가 필요해요.,뉴스·사건에는 출처가 필요해요.,뉴스·사건에는 출처가 필요해요.,ニュースには出典が必要です。,Une source est obligatoire pour les actualités.,Notícias precisam de uma fonte.,AI linguistic pass; human review pending,,
출처는 https://로 시작하는 웹 주소를 입력해 주세요.,출처는 https://로 시작하는 웹 주소를 입력해 주세요.,출처는 https://로 시작하는 웹 주소를 입력해 주세요.,出典にはhttps://で始まるURLを入力してください。,L’adresse de la source doit commencer par https://.,O endereço da fonte deve começar com https://.,AI linguistic pass; human review pending,,
권한이 없습니다.,권한이 없습니다.,권한이 없습니다.,権限がありません。,Vous n’avez pas l’autorisation.,Você não tem permissão.,AI linguistic pass; human review pending,,
이미 존재하는 데이터입니다.,이미 존재하는 데이터입니다.,이미 존재하는 데이터입니다.,このデータはすでに存在します。,Ces données existent déjà.,Esses dados já existem.,AI linguistic pass; human review pending,,
스팸 또는 광고,스팸 또는 광고,스팸 또는 광고,スパム・広告,Spam ou publicité,Spam ou propaganda,AI linguistic pass; human review pending,,
괴롭힘 또는 혐오,괴롭힘 또는 혐오,괴롭힘 또는 혐오,嫌がらせ・差別表現,Harcèlement ou haine,Assédio ou discurso de ódio,AI linguistic pass; human review pending,,
자해 또는 자살 위험,자해 또는 자살 위험,자해 또는 자살 위험,自傷・自殺のおそれ,Risque d’automutilation ou de suicide,Risco de automutilação ou suicídio,AI linguistic pass; human review pending,,
기타,기타,기타,その他,Autre,Outro,AI linguistic pass; human review pending,,
자신을 차단할 수 없습니다.,자신을 차단할 수 없습니다.,자신을 차단할 수 없습니다.,自分自身はブロックできません。,Vous ne pouvez pas vous bloquer vous-même.,Você não pode bloquear a si mesmo.,AI linguistic pass; human review pending,,
알 수 없는 사용자,알 수 없는 사용자,알 수 없는 사용자,不明なユーザー,Utilisateur inconnu,Usuário desconhecido,AI linguistic pass; human review pending,,
홈에 공유하려면 오늘의 이유를 입력해주세요.,홈에 공유하려면 오늘의 이유를 입력해주세요.,홈에 공유하려면 오늘의 이유를 입력해주세요.,ホームに共有するには、今日のメモを入力してください。,Ajoutez une note sur votre journée pour partager dans Accueil.,Adicione uma anotação sobre hoje para compartilhar no Início.,AI linguistic pass; human review pending,,
이름 없음,이름 없음,이름 없음,名前なし,Sans nom,Sem nome,AI linguistic pass; human review pending,,
일별,일별,일별,日ごと,Par jour,Por dia,AI linguistic pass; human review pending,,
주별,주별,주별,週ごと,Par semaine,Por semana,AI linguistic pass; human review pending,,
월별,월별,월별,月ごと,Par mois,Por mês,AI linguistic pass; human review pending,,
약관 전문 · 동의 관리,Documents and consent settings,약관 전문 · 동의 관리,規約全文・同意の管理,Documents et consentements,Documentos e consentimentos,AI linguistic pass; human review pending,,
"

기기의 기록은 그대로 있습니다. 잠시 후 다시 시도해 주세요.","

기기의 기록은 그대로 있습니다. 잠시 후 다시 시도해 주세요.","

기기의 기록은 그대로 있습니다. 잠시 후 다시 시도해 주세요.","

端末の記録は残っています。少し待ってからお試しください。","

Les entrées sur l’appareil sont conservées. Réessayez dans un moment.","

Os registros no aparelho foram mantidos. Tente de novo em alguns instantes.",AI linguistic pass; human review pending,,
로그인 필요,로그인 필요,로그인 필요,ログインが必要,Connexion nécessaire,Login necessário,AI linguistic pass; human review pending,,
대기 중,대기 중,대기 중,待機中,En attente,Aguardando,AI linguistic pass; human review pending,,
게스트 세션,게스트 세션,게스트 세션,ゲストセッション,Session invité,Sessão de visitante,AI linguistic pass; human review pending,,
목록을 불러올 수 없어요.,목록을 불러올 수 없어요.,목록을 불러올 수 없어요.,一覧を読み込めませんでした。,Impossible de charger la liste.,Não foi possível carregar a lista.,AI linguistic pass; human review pending,,
차단 해제에 실패했어요. 다시 시도해주세요.,차단 해제에 실패했어요. 다시 시도해주세요.,차단 해제에 실패했어요. 다시 시도해주세요.,ブロックを解除できませんでした。もう一度お試しください。,Impossible de débloquer cette personne. Réessayez.,Não foi possível desbloquear. Tente de novo.,AI linguistic pass; human review pending,,
인기 사용자,인기 사용자,인기 사용자,人気のユーザー,Profils populaires,Perfis populares,AI linguistic pass; human review pending,,
추천 사용자,추천 사용자,추천 사용자,おすすめのユーザー,Profils suggérés,Perfis sugeridos,AI linguistic pass; human review pending,,
추천 콘텐츠,추천 콘텐츠,추천 콘텐츠,おすすめの投稿,Contenu suggéré,Conteúdo sugerido,AI linguistic pass; human review pending,,
나,나,나,自分,Moi,Eu,AI linguistic pass; human review pending,,
점수를 불러오지 못했어요. 다시 시도해 주세요.,점수를 불러오지 못했어요. 다시 시도해 주세요.,점수를 불러오지 못했어요. 다시 시도해 주세요.,スコアを読み込めませんでした。もう一度お試しください。,Impossible de charger les scores. Réessayez.,Não foi possível carregar as notas. Tente de novo.,AI linguistic pass; human review pending,,
토픽을 열지 못했어요. 다시 시도해 주세요.,토픽을 열지 못했어요. 다시 시도해 주세요.,토픽을 열지 못했어요. 다시 시도해 주세요.,トピックを開けませんでした。もう一度お試しください。,Impossible d’ouvrir le sujet. Réessayez.,Não foi possível abrir o assunto. Tente de novo.,AI linguistic pass; human review pending,,
숨김 또는 차단된 토픽은 볼 수 없어요.,숨김 또는 차단된 토픽은 볼 수 없어요.,숨김 또는 차단된 토픽은 볼 수 없어요.,非表示またはブロックされたトピックは閲覧できません。,Les sujets masqués ou bloqués ne sont pas accessibles.,Assuntos ocultos ou bloqueados não podem ser vistos.,AI linguistic pass; human review pending,,
기록되었습니다. 세계가 같이 느낍니다.,기록되었습니다. 세계가 같이 느낍니다.,기록되었습니다. 세계가 같이 느낍니다.,記録しました。世界のスコアに加わります。,Enregistré. Votre score rejoint les résultats mondiaux.,Registrado. Sua nota entra no resultado mundial.,AI linguistic pass; human review pending,,
Scoor 기록 완료.,Scoor 기록 완료.,Scoor 기록 완료.,Scoorを記録しました。,Scoor enregistré.,Scoor registrado.,AI linguistic pass; human review pending,,
소개,소개,소개,自己紹介,Bio,Bio,AI linguistic pass; human review pending,,
나를 한 줄로 표현해보세요,나를 한 줄로 표현해보세요,나를 한 줄로 표현해보세요,自分のことをひとことで,Quelques mots sur vous,Conte um pouco sobre você,AI linguistic pass; human review pending,,
댓글을 불러오지 못했어요.,댓글을 불러오지 못했어요.,댓글을 불러오지 못했어요.,コメントを読み込めませんでした。,Impossible de charger les commentaires.,Não foi possível carregar os comentários.,AI linguistic pass; human review pending,,
처리에 실패했어요.,처리에 실패했어요.,처리에 실패했어요.,操作に失敗しました。,L’action a échoué.,Não foi possível concluir a ação.,AI linguistic pass; human review pending,,
삭제에 실패했어요.,삭제에 실패했어요.,삭제에 실패했어요.,削除できませんでした。,La suppression a échoué.,Não foi possível excluir.,AI linguistic pass; human review pending,,
모두,모두,모두,すべて,Tout,Tudo,AI linguistic pass; human review pending,,
대화,대화,대화,会話,Discussions,Conversas,AI linguistic pass; human review pending,,
언급,언급,언급,メンション,Mentions,Menções,AI linguistic pass; human review pending,,
리포스트,리포스트,리포스트,リポスト,Republications,Republicações,AI linguistic pass; human review pending,,
"Scoor는 감정을 점수로 나누는 곳이에요.
서로의 하루를 존중해 주세요.",Share your day respectfully.,"Scoor는 감정을 점수로 나누는 곳이에요.
서로의 하루를 존중해 주세요.",お互いの一日を尊重して投稿しましょう。,Partagez votre journée dans le respect des autres.,Compartilhe seu dia respeitando as outras pessoas.,AI linguistic pass; human review pending,,
괴롭힘·혐오 표현 금지,No harassment or hate,괴롭힘·혐오 표현 금지,嫌がらせ・差別表現は禁止,Pas de harcèlement ni de haine,Sem assédio ou discurso de ódio,AI linguistic pass; human review pending,,
"특정인이나 집단을 향한 모욕, 차별, 위협은 삭제되고 계정이 제한될 수 있어요.","Abuse, discrimination and threats may result in removal and account restrictions.","특정인이나 집단을 향한 모욕, 차별, 위협은 삭제되고 계정이 제한될 수 있어요.",侮辱、差別、脅迫は削除やアカウント制限の対象になる場合があります。,"Les insultes, discriminations et menaces peuvent entraîner une suppression et des restrictions du compte.","Ofensas, discriminação e ameaças podem resultar em remoção e restrições à conta.",AI linguistic pass; human review pending,,
타인의 개인정보 게시 금지,Respect other people’s privacy,타인의 개인정보 게시 금지,ほかの人のプライバシーを尊重,Respectez la vie privée des autres,Respeite a privacidade das outras pessoas,AI linguistic pass; human review pending,,
"실명, 연락처, 주소 등을 다른 사람 동의 없이 올릴 수 없어요.",Do not post someone else’s private details without permission.,"실명, 연락처, 주소 등을 다른 사람 동의 없이 올릴 수 없어요.",本人の許可なく、個人情報を投稿しないでください。,Ne publiez pas les informations privées d’autrui sans son autorisation.,Não publique dados pessoais de outras pessoas sem permissão.,AI linguistic pass; human review pending,,
스팸·광고 금지,No spam or advertising,스팸·광고 금지,スパム・広告は禁止,Pas de spam ni de publicité,Sem spam ou propaganda,AI linguistic pass; human review pending,,
반복 게시나 홍보 목적의 글은 삭제됩니다.,Repetitive or promotional posts may be removed.,반복 게시나 홍보 목적의 글은 삭제됩니다.,繰り返しの投稿や宣伝目的の投稿は削除される場合があります。,Les publications répétitives ou promotionnelles peuvent être supprimées.,Publicações repetitivas ou promocionais podem ser removidas.,AI linguistic pass; human review pending,,
위태로운 순간에는,Keep the community safe,위태로운 순간에는,安心して使えるコミュニティに,Préservons la sécurité de la communauté,Vamos manter a comunidade segura,AI linguistic pass; human review pending,,
자해나 자살을 부추기는 내용은 금지예요. 힘든 사람을 발견하면 신고해 주세요 — 처벌이 아니라 도움으로 연결됩니다.,Content encouraging self-harm or suicide is prohibited. Report harmful content; reports are not an emergency service.,자해나 자살을 부추기는 내용은 금지예요. 힘든 사람을 발견하면 신고해 주세요 — 처벌이 아니라 도움으로 연결됩니다.,自傷や自殺を促す内容は禁止です。有害な投稿は通報してください。通報機能は緊急通報窓口ではありません。,Les contenus incitant à l’automutilation ou au suicide sont interdits. Signalez les contenus dangereux. Le signalement n’est pas un service d’urgence.,É proibido incentivar automutilação ou suicídio. Denuncie conteúdos perigosos. As denúncias não são um serviço de emergência.,AI linguistic pass; human review pending,,
신고와 차단,Report and block,신고와 차단,通報とブロック,Signaler et bloquer,Denunciar e bloquear,AI linguistic pass; human review pending,,
불편한 글은 언제든 신고하거나 그 사용자를 차단할 수 있어요. 신고를 검토하고 필요한 조치를 취합니다.,You can report content and block users. We review reports and take appropriate action.,불편한 글은 언제든 신고하거나 그 사용자를 차단할 수 있어요. 신고를 검토하고 필요한 조치를 취합니다.,投稿の通報やユーザーのブロックができます。通報を確認し、必要な対応を行います。,Vous pouvez signaler du contenu et bloquer des personnes. Nous examinons les signalements et prenons les mesures appropriées.,Você pode denunciar conteúdo e bloquear pessoas. Analisamos as denúncias e tomamos as medidas necessárias.,AI linguistic pass; human review pending,,
커뮤니티 가이드라인,Community guidelines,커뮤니티 가이드라인,コミュニティガイドライン,Règles de la communauté,Regras da comunidade,AI linguistic pass; human review pending,,
예시 기록 자동 전환 재생,Play example stories,예시 기록 자동 전환 재생,記録例の自動再生を開始,Lire les exemples,Reproduzir exemplos,AI linguistic pass; human review pending,,
예시 기록 자동 전환 일시 정지,Pause example stories,예시 기록 자동 전환 일시 정지,記録例の自動再生を一時停止,Mettre les exemples en pause,Pausar exemplos,AI linguistic pass; human review pending,,
기록 예시,Example entries,기록 예시,記録の例,Exemples d’entrées,Exemplos de registros,AI linguistic pass; human review pending,,
"대한민국, 서울","Seoul, South Korea","대한민국, 서울",韓国・ソウル,"Séoul, Corée du Sud","Seul, Coreia do Sul",AI linguistic pass; human review pending,,
"오늘 팀장님 휴가라
간만에 여름방학 ㅋㅋ","My boss is on vacation.
Feels like summer break lol.","오늘 팀장님 휴가라
간만에 여름방학 ㅋㅋ","今日は上司が休み。
ちょっと夏休み気分。笑","Mon chef est en vacances.
Un petit air de vacances pour moi aussi.","Meu chefe tá de férias.
Até parece que eu também tô kkk",AI linguistic pass; human review pending,,
"일본, 도쿄","Tokyo, Japan","일본, 도쿄",日本・東京,"Tokyo, Japon","Tóquio, Japão",AI linguistic pass; human review pending,,
"야근했는데 집에 오는 길에 산
편의점 푸딩이 의외로 맛있었음","Worked late, but that convenience-store
pudding was actually really good.","야근했는데 집에 오는 길에 산
편의점 푸딩이 의외로 맛있었음","残業したけど、帰りに買った
コンビニのプリンが当たりだった。","J’ai fini tard, mais le petit flan
acheté en rentrant était trop bon.","Saí tarde do trabalho, mas o pudim
que comprei na volta tava bom demais.",AI linguistic pass; human review pending,,
"프랑스, 파리","Paris, France","프랑스, 파리",フランス・パリ,"Paris, France","Paris, França",AI linguistic pass; human review pending,,
"지하철 놓치고 비까지 맞음.
그냥 침대에 있을걸","Missed the metro and got rained on.
Should’ve stayed in bed.","지하철 놓치고 비까지 맞음.
그냥 침대에 있을걸","電車を逃して、雨にも降られた。
家で寝てればよかった。","J’ai raté le métro et pris la pluie.
J’aurais dû rester au lit.","Perdi o metrô e ainda peguei chuva.
Devia ter ficado na cama.",AI linguistic pass; human review pending,,
"브라질, 상파울루","São Paulo, Brazil","브라질, 상파울루",ブラジル・サンパウロ,"São Paulo, Brésil","São Paulo, Brasil",AI linguistic pass; human review pending,,
"월급 들어왔고 내일은 쉬는 날.
오늘은 친구들이랑 피자 먹기로 ㅋㅋ","Got paid and I’m off tomorrow.
Pizza with friends tonight haha.","월급 들어왔고 내일은 쉬는 날.
오늘은 친구들이랑 피자 먹기로 ㅋㅋ","給料入ったし、明日は休み。
今日は友だちとピザ！","La paie est tombée, demain je bosse pas.
Ce soir, pizza avec les potes.","Salário na conta e amanhã é folga.
Hoje tem pizza com a galera kkk",AI linguistic pass; human review pending,,
서버에 연결되어 있지 않습니다.,서버에 연결되어 있지 않습니다.,서버에 연결되어 있지 않습니다.,サーバーに接続されていません。,Pas de connexion au serveur.,Sem conexão com o servidor.,AI linguistic pass; human review pending,,
문서를 불러올 수 없습니다. 동의를 진행할 수 없습니다.,The document is unavailable. Consent cannot proceed.,문서를 불러올 수 없습니다. 동의를 진행할 수 없습니다.,文書を読み込めないため、同意を進められません。,Le document est indisponible. Impossible de poursuivre le consentement.,O documento está indisponível. Não é possível continuar o consentimento.,AI linguistic pass; human review pending,,
"계속하면 이용약관에 동의하고, 만 14세 이상이며 거주 국가의 가입 요건을 충족함을 확인합니다. 계정 제공에 필요한 개인정보 처리는 아래 방침에서 안내합니다.","By continuing, you agree to the Terms and confirm you are 14+ and eligible to join in your country. Our Privacy Notice explains the data needed to provide your account.","계속하면 이용약관에 동의하고, 만 14세 이상이며 거주 국가의 가입 요건을 충족함을 확인합니다. 계정 제공에 필요한 개인정보 처리는 아래 방침에서 안내합니다.",続けると利用規約に同意し、14歳以上で、お住まいの国の登録要件を満たしていることを確認したものとします。アカウント提供に必要な個人情報の取り扱いは、以下の方針で説明しています。,"En continuant, vous acceptez les Conditions, confirmez avoir au moins 14 ans et remplir les conditions d’inscription de votre pays. La Notice de confidentialité explique le traitement des données nécessaires à votre compte.","Ao continuar, você aceita os Termos, confirma ter pelo menos 14 anos e atender aos requisitos de cadastro do seu país. O Aviso de Privacidade explica o uso dos dados necessários para sua conta.",AI linguistic pass; human review pending,,
이용약관,Terms of Service,이용약관,利用規約,Conditions d’utilisation,Termos de Uso,AI linguistic pass; human review pending,,
개인정보처리방침,Privacy Notice,개인정보처리방침,プライバシーに関するお知らせ,Notice de confidentialité,Aviso de Privacidade,AI linguistic pass; human review pending,,
오늘 점수는 몇 점인가요?,What's your score today?,오늘 점수는 몇 점인가요?,今日の一日は何点？,Quelle note pour votre journée ?,Que nota você dá para o seu dia?,AI linguistic pass; human review pending,,
마무리하는 중…,Finishing…,마무리하는 중…,完了処理中…,Finalisation…,Finalizando…,AI linguistic pass; human review pending,,
계속하기,Continue,계속하기,続ける,Continuer,Continuar,AI linguistic pass; human review pending,,
계정 관리 · 로그아웃 · 삭제,Manage account · Sign out · Delete,계정 관리 · 로그아웃 · 삭제,アカウント管理・ログアウト・削除,Gérer le compte · Se déconnecter · Supprimer,Gerenciar conta · Sair · Excluir,AI linguistic pass; human review pending,,
이용 안내를 불러오지 못했어요. 앱을 업데이트해 주세요.,The notice is unavailable. Please update the app.,이용 안내를 불러오지 못했어요. 앱을 업데이트해 주세요.,利用案内を読み込めませんでした。アプリを更新してください。,Les informations sont indisponibles. Mettez l’app à jour.,As informações estão indisponíveis. Atualize o app.,AI linguistic pass; human review pending,,
이용약관 전문,Terms of Service,이용약관 전문,利用規約,Conditions d’utilisation,Termos de Uso,AI linguistic pass; human review pending,,
개인정보 처리 안내,Privacy notice,개인정보 처리 안내,プライバシーに関するお知らせ,Notice de confidentialité,Aviso de Privacidade,AI linguistic pass; human review pending,,
현재 문서 버전: ,Current document version: ,현재 문서 버전: ,現在の文書バージョン：,Version actuelle du document : ,Versão atual do documento: ,AI linguistic pass; human review pending,,
"계정 서비스 이용을 중단하면 새 서버 동기화와 게시를 멈춥니다. 기존 게시물은 자동으로 삭제되지 않으며, 콘텐츠 또는 계정 삭제를 별도로 요청할 수 있습니다. 선택 동의는 아래에서 따로 철회할 수 있습니다.",Stopping account services pauses new synchronization and posting. Existing content is not automatically deleted; you can delete content or your account separately. Optional consent can be withdrawn below.,"계정 서비스 이용을 중단하면 새 서버 동기화와 게시를 멈춥니다. 기존 게시물은 자동으로 삭제되지 않으며, 콘텐츠 또는 계정 삭제를 별도로 요청할 수 있습니다. 선택 동의는 아래에서 따로 철회할 수 있습니다.",アカウントサービスを停止すると、新たなサーバー同期と投稿が停止します。既存の投稿は自動削除されません。コンテンツやアカウントの削除は別途依頼できます。任意の同意は以下で個別に撤回できます。,L’arrêt des services du compte suspend les nouvelles synchronisations et publications. Les contenus existants ne sont pas supprimés automatiquement ; vous pouvez les supprimer ou supprimer votre compte séparément. Les consentements facultatifs peuvent être retirés ci-dessous.,Interromper os serviços da conta pausa novas sincronizações e publicações. O conteúdo existente não é excluído automaticamente; você pode excluir o conteúdo ou a conta separadamente. Os consentimentos opcionais podem ser retirados abaixo.,AI linguistic pass; human review pending,,
민감정보 동의 철회 및 해당 참여 내역 삭제,Withdraw sensitive-data consent and delete those responses,민감정보 동의 철회 및 해당 참여 내역 삭제,機微情報への同意を撤回し、該当する回答を削除,Retirer le consentement aux données sensibles et supprimer ces réponses,Retirar o consentimento de dados sensíveis e excluir essas respostas,AI linguistic pass; human review pending,,
철회하지 못했어요. 다시 시도해 주세요.,Withdrawal failed. Please retry.,철회하지 못했어요. 다시 시도해 주세요.,撤回できませんでした。もう一度お試しください。,Le retrait a échoué. Réessayez.,Não foi possível retirar o consentimento. Tente de novo.,AI linguistic pass; human review pending,,
계정 서비스 이용 중단,Stop account services,계정 서비스 이용 중단,アカウントサービスを停止,Arrêter les services du compte,Interromper os serviços da conta,AI linguistic pass; human review pending,,
이용 안내와 선택 동의,Terms and optional consent,이용 안내와 선택 동의,利用案内と任意の同意,Conditions et consentements facultatifs,Termos e consentimentos opcionais,AI linguistic pass; human review pending,,
계정 서비스 이용을 중단할까요?,Stop account services?,계정 서비스 이용을 중단할까요?,アカウントサービスを停止しますか？,Arrêter les services du compte ?,Interromper os serviços da conta?,AI linguistic pass; human review pending,,
이용 중단,Stop,이용 중단,停止する,Arrêter,Interromper,AI linguistic pass; human review pending,,
서버 철회에 실패했습니다. 다시 시도하거나 고객지원으로 요청해 주세요.,Server withdrawal failed. Retry or contact support.,서버 철회에 실패했습니다. 다시 시도하거나 고객지원으로 요청해 주세요.,サーバーでの撤回に失敗しました。再試行するか、サポートにお問い合わせください。,Le retrait sur le serveur a échoué. Réessayez ou contactez l’assistance.,A retirada no servidor falhou. Tente de novo ou entre em contato com o suporte.,AI linguistic pass; human review pending,,
이 주제에 참여하면 정치적 견해나 건강에 관한 정보가 포함될 수 있어요.,Participating in this topic may reveal political opinions or health information.,이 주제에 참여하면 정치적 견해나 건강에 관한 정보가 포함될 수 있어요.,このトピックへの参加により、政治的見解や健康に関する情報が明らかになる場合があります。,Participer à ce sujet peut révéler des opinions politiques ou des informations sur la santé.,Participar deste assunto pode revelar opiniões políticas ou informações de saúde.,AI linguistic pass; human review pending,,
"항목: 해당 토픽의 점수·댓글과 계정 식별자. 목적: 의견 게시와 결과 집계. 보유: 참여 내역 삭제·동의 철회·탈퇴 시까지. 점수와 댓글은 다른 이용자에게 공개되며, 익명 표시도 서버의 계정 연결은 유지합니다.","Data: scores, comments and your account ID for these topics. Purpose: publishing opinions and aggregating results. Retained until you delete the participation, withdraw consent or close your account. Scores and comments are public; anonymous display still links to your account on the server.","항목: 해당 토픽의 점수·댓글과 계정 식별자. 목적: 의견 게시와 결과 집계. 보유: 참여 내역 삭제·동의 철회·탈퇴 시까지. 점수와 댓글은 다른 이용자에게 공개되며, 익명 표시도 서버의 계정 연결은 유지합니다.",対象データ：該当トピックのスコア、コメント、アカウントID。目的：意見の公開と結果の集計。保有期間：参加履歴の削除、同意撤回、退会まで。スコアとコメントは公開され、匿名表示でもサーバー上ではアカウントとの関連付けが残ります。,"Données : scores, commentaires et identifiant de compte pour ces sujets. Finalités : publier les opinions et agréger les résultats. Conservation jusqu’à la suppression de la participation, au retrait du consentement ou à la fermeture du compte. Scores et commentaires sont publics ; l’affichage anonyme reste lié au compte sur le serveur.","Dados: notas, comentários e ID da conta nesses assuntos. Finalidades: publicar opiniões e agregar resultados. Retenção até a exclusão da participação, retirada do consentimento ou encerramento da conta. Notas e comentários são públicos; a exibição anônima continua vinculada à conta no servidor.",AI linguistic pass; human review pending,,
동의하지 않아도 일기와 일반 주제는 이용할 수 있어요. 설정의 동의 관리에서 철회하면 해당 주제의 참여 내역도 삭제됩니다.,You can use your journal and ordinary topics without agreeing. Withdrawal in consent settings also deletes participation in these topics.,동의하지 않아도 일기와 일반 주제는 이용할 수 있어요. 설정의 동의 관리에서 철회하면 해당 주제의 참여 내역도 삭제됩니다.,同意しなくても日記と通常のトピックは使えます。設定の同意管理で撤回すると、該当トピックの参加履歴も削除されます。,Le journal et les sujets ordinaires restent accessibles sans ce consentement. Son retrait dans les réglages supprime aussi les participations à ces sujets.,Você pode usar o diário e assuntos comuns sem consentir. A retirada nos ajustes também exclui as participações nesses assuntos.,AI linguistic pass; human review pending,,
[선택] 민감정보 수집·이용 및 공개에 동의합니다,"[Optional] I agree to collection, use and public disclosure of this sensitive information",[선택] 민감정보 수집·이용 및 공개에 동의합니다,［任意］この機微情報の収集・利用・公開に同意します,"[Facultatif] J’accepte la collecte, l’utilisation et la divulgation publique de ces données sensibles","[Opcional] Concordo com a coleta, o uso e a divulgação pública destes dados sensíveis",AI linguistic pass; human review pending,,
동의하고 참여,Agree and participate,동의하고 참여,同意して参加,Accepter et participer,Concordar e participar,AI linguistic pass; human review pending,,
저장하지 못했어요. 다시 시도해 주세요.,Couldn’t save. Please try again.,저장하지 못했어요. 다시 시도해 주세요.,保存できませんでした。もう一度お試しください。,Enregistrement impossible. Réessayez.,Não foi possível salvar. Tente de novo.,AI linguistic pass; human review pending,,
민감정보 안내,Sensitive information,민감정보 안내,機微情報について,Données sensibles,Dados sensíveis,AI linguistic pass; human review pending,,
Apple로 계속하기,Continue with Apple,Apple로 계속하기,Appleで続ける,Continuer avec Apple,Continuar com a Apple,AI linguistic pass; human review pending,,
Google로 계속하기,Continue with Google,Google로 계속하기,Googleで続ける,Continuer avec Google,Continuar com o Google,AI linguistic pass; human review pending,,
이메일로 계속하기,Continue with Email,이메일로 계속하기,メールで続ける,Continuer avec un e-mail,Continuar com e-mail,AI linguistic pass; human review pending,,
전화번호로 계속하기,전화번호로 계속하기,전화번호로 계속하기,電話番号で続ける,Continuer avec un numéro de téléphone,Continuar com telefone,AI linguistic pass; human review pending,,
건너뛰기,건너뛰기,건너뛰기,スキップ,Passer,Pular,AI linguistic pass; human review pending,,
Consent saved,Consent saved,,同意を保存しました,Consentement enregistré,Consentimento salvo,AI linguistic pass; human review pending,,
설정이 필요합니다: %@,설정이 필요합니다: %@,,設定が必要です：%@,Configuration nécessaire : %@,Configuração necessária: %@,AI linguistic pass; human review pending,,
로그인에 실패했습니다: %@,로그인에 실패했습니다: %@,,ログインできませんでした：%@,Échec de la connexion : %@,Não foi possível entrar: %@,AI linguistic pass; human review pending,,
%@로 확인 메일을 보냈습니다. 메일의 링크를 눌러 가입을 완료해 주세요.,%@로 확인 메일을 보냈습니다. 메일의 링크를 눌러 가입을 완료해 주세요.,,%@に確認メールを送りました。メールのリンクから登録を完了してください。,Un e-mail de confirmation a été envoyé à %@. Ouvrez le lien pour terminer l’inscription.,Enviamos um e-mail de confirmação para %@. Abra o link para concluir o cadastro.,AI linguistic pass; human review pending,,
"scoor · 최근 %lld일
평균 %@점 · %lld일 기록
How's your day? scoor!","scoor · 최근 %lld일
평균 %@점 · %lld일 기록
How's your day? scoor!",,"scoor · 直近%1$lld日間
平均%2$@点 · %3$lld日分の記録
今日の一日は何点？ scoor!","scoor · %1$lld derniers jours
Moyenne : %2$@ · Jours renseignés : %3$lld
Quelle note pour votre journée ? scoor !","scoor · Últimos %1$lld dias
Média: %2$@ · Dias registrados: %3$lld
Que nota você dá para o seu dia? scoor!",AI linguistic pass; human review pending,,
당신은 %lld점으로 반응했어요.,당신은 %lld점으로 반응했어요.,,%lld点で記録しました。,Vous avez donné un score de %lld.,Você deu uma nota de %lld.,AI linguistic pass; human review pending,,
저장 중 문제가 발생했어요. (%@),저장 중 문제가 발생했어요. (%@),,保存中に問題が発生しました。（%@）,Un problème est survenu lors de l’enregistrement. (%@),Ocorreu um problema ao salvar. (%@),AI linguistic pass; human review pending,,
요청이 거부되었습니다: %@,요청이 거부되었습니다: %@,,リクエストが拒否されました：%@,Demande refusée : %@,Solicitação recusada: %@,AI linguistic pass; human review pending,,
서버 오류(%lld)가 발생했습니다.,서버 오류(%lld)가 발생했습니다.,,サーバーエラーが発生しました（%lld）。,Une erreur serveur est survenue (%lld).,Ocorreu um erro no servidor (%lld).,AI linguistic pass; human review pending,,
Use at least 3 characters.,Use at least 3 characters.,,3文字以上で入力してください。,Utilisez au moins 3 caractères.,Use pelo menos 3 caracteres.,AI linguistic pass; human review pending,,
"Letters, numbers, and underscores only.","Letters, numbers, and underscores only.",,文字・数字・アンダースコアが使えます。,"Lettres, chiffres et traits de soulignement uniquement.","Use apenas letras, números e sublinhados.",AI linguistic pass; human review pending,,
Checking availability...,Checking availability...,,使用できるか確認中…,Vérification de la disponibilité…,Verificando disponibilidade…,AI linguistic pass; human review pending,,
Looks good. It is yours.,Looks good. It is yours.,,この名前が使えます。,Ce nom est disponible.,Esse nome está disponível.,AI linguistic pass; human review pending,,
That name is already taken.,That name is already taken.,,この名前はすでに使われています。,Ce nom est déjà pris.,Esse nome já está em uso.,AI linguistic pass; human review pending,,
오늘의 점수 %lld점,오늘의 점수 %lld점,,今日のスコア、100点満点で%lld点,Score du jour : %lld sur 100,Nota de hoje: %lld de 100,AI linguistic pass; human review pending,,
Email,Email,,メールアドレス,E-mail,E-mail,AI linguistic pass; human review pending,,
Password,Password,,パスワード,Mot de passe,Senha,AI linguistic pass; human review pending,,
6+ characters,6+ characters,,6文字以上,6 caractères minimum,Pelo menos 6 caracteres,AI linguistic pass; human review pending,,
Korea,Korea,,韓国,Corée du Sud,Coreia do Sul,AI linguistic pass; human review pending,,
Japan,Japan,,日本,Japon,Japão,AI linguistic pass; human review pending,,
USA,USA,,アメリカ,États-Unis,Estados Unidos,AI linguistic pass; human review pending,,
Europe,Europe,,ヨーロッパ,Europe,Europa,AI linguistic pass; human review pending,,
SEA,SEA,,東南アジア,Asie du Sud-Est,Sudeste Asiático,AI linguistic pass; human review pending,,
Match,Match,,試合,Match,Partida,AI linguistic pass; human review pending,,
Daily,Daily,,日ごと,Par jour,Por dia,AI linguistic pass; human review pending,,
Weekly,Weekly,,週ごと,Par semaine,Por semana,AI linguistic pass; human review pending,,
Monthly,Monthly,,月ごと,Par mois,Por mês,AI linguistic pass; human review pending,,
Advanced Insights,Advanced Insights,,詳しい振り返り,Analyse détaillée,Análise detalhada,AI linguistic pass; human review pending,,
Monthly Pattern,Monthly Pattern,,月の傾向,Tendances du mois,Tendências do mês,AI linguistic pass; human review pending,,
Highest Day,Highest Day,,最高の日,Meilleur jour,Melhor dia,AI linguistic pass; human review pending,,
Lowest Day,Lowest Day,,最低の日,Jour le plus bas,Dia com menor nota,AI linguistic pass; human review pending,,
THURSDAY,THURSDAY,,木曜日,JEUDI,QUINTA-FEIRA,AI linguistic pass; human review pending,,
Share,Share,,共有,Partager,Compartilhar,AI linguistic pass; human review pending,,
Preparing…,Preparing…,,準備中…,Préparation…,Preparando…,AI linguistic pass; human review pending,,
Instagram Story,Instagram Story,,Instagramストーリーズ,Story Instagram,Story do Instagram,AI linguistic pass; human review pending,,
Save to Gallery,Save to Gallery,,写真に保存,Enregistrer dans Photos,Salvar em Fotos,AI linguistic pass; human review pending,,
WHAT'S YOUR SCOOR?,WHAT'S YOUR SCOOR?,,あなたのSCOORは何点？,QUEL EST VOTRE SCOOR ?,QUAL É O SEU SCOOR?,AI linguistic pass; human review pending,,
PEAK,PEAK,,最高,AU TOP,NO TOPO,AI linguistic pass; human review pending,,
WARM,WARM,,いい感じ,BIEN,BEM,AI linguistic pass; human review pending,,
STEADY,STEADY,,いつもどおり,STABLE,ESTÁVEL,AI linguistic pass; human review pending,,
DIM,DIM,,いまひとつ,EN BAISSE,PRA BAIXO,AI linguistic pass; human review pending,,
DEEP,DEEP,,しんどい,DIFFICILE,DIFÍCIL,AI linguistic pass; human review pending,,
GLOBAL,GLOBAL,,世界,MONDE,GLOBAL,AI linguistic pass; human review pending,,
LOCAL,LOCAL,,地域,LOCAL,LOCAL,AI linguistic pass; human review pending,,
See how people around the world felt today.,See how people around the world felt today.,,今日、世界のみんなはどんな気分？,Découvrez comment le monde se sent aujourd’hui.,Veja como as pessoas pelo mundo se sentem hoje.,AI linguistic pass; human review pending,,
커뮤니티 제안 · %@,커뮤니티 제안 · %@,,コミュニティからの提案 · %@,Proposition de la communauté · %@,Sugestão da comunidade · %@,AI linguistic pass; human review pending,,
탈퇴한 사용자,탈퇴한 사용자,,退会したユーザー,Compte supprimé,Conta excluída,AI linguistic pass; human review pending,,
", mood %@",", mood %@",,、気分：%@,", humeur : %@",", humor: %@",AI linguistic pass; human review pending,,
Find support in your country,Find support in your country,,お住まいの国の相談窓口を探す,Trouver de l’aide dans votre pays,Encontrar apoio no seu país,AI linguistic pass; human review pending,,
Welcome! Your Scoor journey begins today. 🎉,Welcome! Your Scoor journey begins today. 🎉,,はじめての記録ができました。🎉,Votre première journée est enregistrée. 🎉,Seu primeiro dia está registrado. 🎉,AI linguistic pass; human review pending,,
A flawless 100! Soak it in 💯,A flawless 100! Soak it in 💯,,100点満点！いい一日でしたね。💯,100 sur 100 ! Une journée à savourer. 💯,100 de 100! Um dia para aproveitar. 💯,AI linguistic pass; human review pending,,
A zero day. Be gentle with yourself — tomorrow resets 🌱,A zero day. Be gentle with yourself — tomorrow resets 🌱,,今日は0点。今は無理せず休んでください。🌱,Une journée à zéro. Prenez soin de vous. 🌱,Hoje foi zero. Cuide de você. 🌱,AI linguistic pass; human review pending,,
%lld days in a row! Keep the streak alive 🔥,%lld days in a row! Keep the streak alive 🔥,,%lld日連続で記録できました！🔥,Jours consécutifs enregistrés : %lld 🔥,Dias seguidos registrados: %lld 🔥,AI linguistic pass; human review pending,,
%lld points higher than last week!,%lld points higher than last week!,,先週の同じ曜日より%lld点高め,"[one] %lld point de plus que le même jour la semaine dernière
[other] %lld points de plus que le même jour la semaine dernière","[one] %lld ponto acima do mesmo dia da semana passada
[other] %lld pontos acima do mesmo dia da semana passada",AI linguistic pass; human review pending,,
%lld points lower than last week!,%lld points lower than last week!,,先週の同じ曜日より%lld点低め,"[one] %lld point de moins que le même jour la semaine dernière
[other] %lld points de moins que le même jour la semaine dernière","[one] %lld ponto abaixo do mesmo dia da semana passada
[other] %lld pontos abaixo do mesmo dia da semana passada",AI linguistic pass; human review pending,,
%lld points above your monthly average!,%lld points above your monthly average!,,今月の平均より%lld点高め,"[one] %lld point au-dessus de votre moyenne du mois
[other] %lld points au-dessus de votre moyenne du mois","[one] %lld ponto acima da sua média do mês
[other] %lld pontos acima da sua média do mês",AI linguistic pass; human review pending,,
%lld points below your monthly average!,%lld points below your monthly average!,,今月の平均より%lld点低め,"[one] %lld point en dessous de votre moyenne du mois
[other] %lld points en dessous de votre moyenne du mois","[one] %lld ponto abaixo da sua média do mês
[other] %lld pontos abaixo da sua média do mês",AI linguistic pass; human review pending,,
%lld-day upward streak! 🔥,%lld-day upward streak! 🔥,,%lld日連続でスコアが上向きです。🔥,"[one] Votre score monte depuis %lld jour. 🔥
[other] Votre score monte depuis %lld jours. 🔥","[one] Sua nota está subindo há %lld dia. 🔥
[other] Sua nota está subindo há %lld dias. 🔥",AI linguistic pass; human review pending,,
You've been trending down for %lld days. Hang in there 💪,You've been trending down for %lld days. Hang in there 💪,,%lld日ほどスコアが下がっています。無理せずに。,"[one] Vos scores baissent depuis %lld jour. Prenez soin de vous.
[other] Vos scores baissent depuis %lld jours. Prenez soin de vous.","[one] Suas notas caíram nos últimos %lld dia. Vá com calma.
[other] Suas notas caíram nos últimos %lld dias. Vá com calma.",AI linguistic pass; human review pending,,
What an amazing day! 🌟,What an amazing day! 🌟,,いい一日でしたね！🌟,Quelle belle journée ! 🌟,Que dia bom! 🌟,AI linguistic pass; human review pending,,
Tough day. Tomorrow is a new start 🌅,Tough day. Tomorrow is a new start 🌅,,大変な一日でしたね。今日はゆっくり。🌅,Une journée difficile. Prenez le temps de souffler. 🌅,Um dia difícil. Tire um tempo para descansar. 🌅,AI linguistic pass; human review pending,,
Score recorded! Keep tracking. 📝,Score recorded! Keep tracking. 📝,,今日のスコアを記録しました。📝,Votre score est enregistré. 📝,Sua nota está registrada. 📝,AI linguistic pass; human review pending,,
Best Day: —,Best Day: —,,最高の曜日：—,Meilleur jour : —,Melhor dia: —,AI linguistic pass; human review pending,,
Record scores to see patterns.,Record scores to see patterns.,,記録を続けると傾向が見えてきます。,Notez vos journées pour voir les tendances.,Registre suas notas para ver as tendências.,AI linguistic pass; human review pending,,
Best Day: %@,Best Day: %@,,最高の曜日：%@,Meilleur jour : %@,Melhor dia: %@,AI linguistic pass; human review pending,,
Worst Day: %@,Worst Day: %@,,低めの曜日：%@,Jour le plus bas : %@,Dia com menor nota: %@,AI linguistic pass; human review pending,,
Highest consistency with an average of %.0f pts,Highest consistency with an average of %.0f pts,,平均%.0f点で最も高い曜日,Moyenne la plus élevée : %.0f points,Maior média: %.0f pontos,AI linguistic pass; human review pending,,
Softer stretch with an average of %.0f pts,Softer stretch with an average of %.0f pts,,平均%.0f点で最も低い曜日,Moyenne la plus basse : %.0f points,Menor média: %.0f pontos,AI linguistic pass; human review pending,,
Weekend vs Weekday,Weekend vs Weekday,,週末と平日,Week-end et semaine,Fim de semana e dias úteis,AI linguistic pass; human review pending,,
Weekends are about 10pts higher on average,Weekends are about 10pts higher on average,,週末は平均で約10点高め,Les week-ends sont environ 10 points au-dessus en moyenne,Os fins de semana têm média cerca de 10 pontos maior,AI linguistic pass; human review pending,,
Home,Home,홈,ホーム,Accueil,Início,AI linguistic pass; human review pending,,
%@ 차단,%@ 차단,,%@にブロック,Bloqué le %@,Bloqueado em %@,AI linguistic pass; human review pending,,
No diary pressure. Just one number that remembers how today felt.,No diary pressure. Just one number that remembers how today felt.,,長く書かなくても大丈夫。今日を点数で残そう。,Pas besoin d’écrire un journal. Un score suffit pour garder une trace du jour.,Não precisa escrever um diário. Uma nota já registra como foi o dia.,AI linguistic pass; human review pending,,
"A live emotional pulse from real days, cities, and tiny moments.","A live emotional pulse from real days, cities, and tiny moments.",,いろいろな街のみんなの一日を見てみよう。,Découvrez les journées partagées depuis différentes villes.,Veja os dias compartilhados por pessoas de várias cidades.,AI linguistic pass; human review pending,,
Try your first Scoor,Try your first Scoor,,はじめてのスコアをつける,Donner mon premier Scoor,Dar meu primeiro Scoor,AI linguistic pass; human review pending,,
Next,Next,,次へ,Suivant,Próximo,AI linguistic pass; human review pending,,
Save my first Scoor,Save my first Scoor,,最初のScoorを保存,Enregistrer mon premier Scoor,Salvar meu primeiro Scoor,AI linguistic pass; human review pending,,
%+d vs yesterday,%+d vs yesterday,,昨日より%+d点,%+d par rapport à hier,%+d em relação a ontem,AI linguistic pass; human review pending,,
%.0f pts,%.0f pts,,%.0f点,%.0f pts,%.0f pts,AI linguistic pass; human review pending,,
